0,0,27.7412327957,True,0.143077984364,False,-0.023333481698,-0.0925565342688,0.0505214500952,False
0,1,24.3202565789,True,0.102327180827,False,-0.029531578215,-0.0789847248157,0.0233424560114,False
0,2,16.2531570195,True,0.0843827101888,False,-0.0359172710176,-0.0780319049485,0.00635080524025,False
0,3,7.70084574704,True,0.0791038179087,True,-0.0420196567355,-0.0818193887556,-0.00271557084691,True
0,4,4.86843898546,True,0.0724957147694,True,-0.0434658677465,-0.0798565694645,-0.00736085469519,True
0,5,11.6514821915,True,0.0721914948352,True,-0.0356447292663,-0.0704086235538,0.00178287128138,False
0,6,2.5993599653,False,0.0672405657174,True,-0.0453158163697,-0.0787852669916,-0.0115447012742,True
0,7,1.5612477195,False,0.0667856336886,True,-0.047410087648,-0.0801546769499,-0.0133690432613,True
0,8,1.30260042933,False,0.0618817117293,True,-0.047489540626,-0.0800116063143,-0.018129894585,True
0,9,4.01227822882,True,0.0620454757917,True,-0.0405038796448,-0.0725620103306,-0.010516534539,True
0,10,2.89106543173,False,0.0604366822745,True,-0.0420861703347,-0.0720584338529,-0.0116217515784,True
0,11,0.380545858144,False,0.0580944884381,True,-0.0470327150689,-0.0752498546818,-0.0171553662437,True
0,12,0.173908444941,True,0.0581764865587,True,-0.0551302390255,-0.0844828410355,-0.0263063544768,True
0,13,0.196822095279,True,0.0588670888586,True,-0.0517847742253,-0.0810643590382,-0.0221972701796,True
0,14,0.280856365876,True,0.0579029863427,True,-0.054488369286,-0.0827025094134,-0.0247995230707,True
0,15,0.410641996165,False,0.0571536449665,True,-0.0498352504786,-0.0781706590687,-0.0210170141022,True
0,16,0.445552860558,False,0.0558670280322,True,-0.0480767555834,-0.0764809928625,-0.0206139648303,True
0,17,0.153208322105,True,0.0564095100439,True,-0.0487620575367,-0.0757811443435,-0.0193716342996,True
0,18,0.358355005258,False,0.0552281696566,True,-0.048870387061,-0.0760441357464,-0.0208159660898,True
0,19,0.438676710243,False,0.0553294511225,True,-0.048195243802,-0.0737746345361,-0.0184451834137,True
1,0,35.1068690422,True,0.145519858532,False,0.00189043641316,-0.0732346314464,0.0722852270857,False
1,1,19.7198119899,True,0.100462598071,False,-0.0348959488691,-0.0843267177573,0.0161358803136,False
1,2,2.46095244386,False,0.0863138916442,False,-0.0560049576306,-0.100860888635,-0.0145469969906,True
1,3,0.232581993246,True,0.0777436560564,True,-0.0644182041525,-0.100664754956,-0.0229210988994,True
1,4,3.33798738157,True,0.0725489964948,True,-0.0474515555459,-0.0845362202015,-0.0119872237067,True
1,5,1.08842905913,False,0.0664544014621,True,-0.0502893849736,-0.0838161663677,-0.0173617649056,True
1,6,1.05485157045,False,0.0649721352537,True,-0.0484840190473,-0.0811671426727,-0.016195007419,True
1,7,0.0122334236813,True,0.0635653759612,True,-0.0561966889449,-0.0875157668976,-0.0239503909363,True
1,8,0.0113659397055,True,0.0614248415895,True,-0.0702656174832,-0.101583203889,-0.0401583623,True
1,9,1.02576701262e-11,True,0.0614537973384,True,-0.0713927066774,-0.102924543263,-0.0414707459242,True
1,10,0.0408262944335,True,0.0605583989795,True,-0.059194385616,-0.0876575691622,-0.0270991701828,True
1,11,0.212892409897,True,0.060357733233,True,-0.0558718090635,-0.0858997149734,-0.0255419817404,True
1,12,0.00187558214187,True,0.0578500343891,True,-0.0642952493646,-0.0930056014356,-0.0351555670465,True
1,13,0.256626596547,True,0.0585163322223,True,-0.0586348080156,-0.0884899700858,-0.0299736378636,True
1,14,0.0409367577581,True,0.0594703972472,True,-0.0628727752083,-0.0936731336706,-0.0342027364235,True
1,15,2.27080148549e-07,True,0.0592232596967,True,-0.0603407185829,-0.091701969957,-0.0324787102603,True
1,16,3.65250470217e-10,True,0.0573244324422,True,-0.0679732450659,-0.0974224798207,-0.0400980473785,True
1,17,3.58211494878e-15,True,0.0587204984003,True,-0.0744755442035,-0.103115050306,-0.0443945519054,True
1,18,1.57979503577e-13,True,0.0605385593661,True,-0.0808420139477,-0.109632295091,-0.0490937357245,True
1,19,1.35883459852e-48,True,0.0564916829748,True,-0.0867857675144,-0.114266902593,-0.0577752196186,True
2,0,21.0235041516,True,0.139045181611,False,-0.0345092264402,-0.10476330784,0.0342818737707,False
2,1,21.8884151319,True,0.102101668831,False,-0.0313616283168,-0.0827028661269,0.0193988027038,False
2,2,52.6437094345,True,0.085857671201,False,-0.00940378653307,-0.0536224797279,0.0322351914731,False
2,3,32.5732460471,True,0.0805065844231,False,-0.0231523219313,-0.0627731714358,0.0177334129873,False
2,4,10.9409099338,True,0.0732927206666,True,-0.0355848483509,-0.0734391568629,-0.000146436196372,True
2,5,16.4026458244,True,0.0717043084641,True,-0.0313119727176,-0.0677894468591,0.00391486160502,False
2,6,3.43622618683,True,0.0692940361056,True,-0.043775122818,-0.0790240982504,-0.00973006214478,True
2,7,9.42956758126,True,0.0642612700328,True,-0.0346619296603,-0.0662851203191,-0.0020238502863,True
2,8,3.41411832377,True,0.0619073727148,True,-0.0391152384805,-0.0706246161948,-0.00871724347999,True
2,9,0.466209801214,False,0.0625988942678,True,-0.0526580871045,-0.0829289977611,-0.0203301034932,True
2,10,1.60462160713,False,0.0609811533755,True,-0.0461264264526,-0.0772025338877,-0.0162213805122,True
2,11,1.01794571601,False,0.0575289114394,True,-0.0465384835708,-0.0746157349504,-0.017086823511,True
2,12,0.0813843764996,True,0.059148673355,True,-0.0551305846969,-0.0840595132787,-0.0249108399236,True
2,13,0.618667799849,False,0.0594343200807,True,-0.0511510523108,-0.0821552048376,-0.022720884757,True
2,14,0.410970404938,False,0.057100135909,True,-0.0465370171274,-0.0746104920657,-0.0175103561566,True
2,15,0.218052255995,True,0.0579279354064,True,-0.0529226289798,-0.0803490190968,-0.0224210836903,True
2,16,0.137117696407,True,0.0548787274796,True,-0.0611448558754,-0.0889910913944,-0.0341123639148,True
2,17,9.1374371416e-06,True,0.05570922549,True,-0.065966861615,-0.092657453995,-0.0369482285049,True
2,18,0.0267728481006,True,0.0540200886046,True,-0.0618694121314,-0.0897976608595,-0.0357775722549,True
2,19,0.0468514965103,True,0.056067260263,True,-0.0636456903808,-0.0918892128219,-0.0358219525589,True
3,0,16.4570399497,True,0.135446676442,False,-0.0448789168169,-0.108656558144,0.0267901182982,False
3,1,9.70133505741,True,0.104728639653,False,-0.0485910790771,-0.100480236241,0.00424840341215,False
3,2,0.59218233799,False,0.0859981701595,False,-0.0662542767072,-0.110480164267,-0.0244819941071,True
3,3,0.0781858651489,True,0.0765672132248,True,-0.0708716978742,-0.111037815332,-0.0344706021071,True
3,4,0.132228221637,True,0.0754873099979,True,-0.0639354576914,-0.102691376395,-0.0272040663967,True
3,5,0.368670092605,False,0.0702040758242,True,-0.0588396323129,-0.0940538538204,-0.0238497779962,True
3,6,0.0634389120977,True,0.0666434489468,True,-0.059255142079,-0.0920008411501,-0.0253573922033,True
3,7,0.0125227971028,True,0.0664088161653,True,-0.0658177042872,-0.0987862664622,-0.0323774502969,True
3,8,0.1013414688,True,0.0643239433275,True,-0.0636083785966,-0.0966091028226,-0.0322851594951,True
3,9,0.0938853985599,True,0.0624173392262,True,-0.0604880314531,-0.0923397344094,-0.0299223951832,True
3,10,0.000515713416471,True,0.0608012361434,True,-0.0628998901155,-0.094027494566,-0.0332262584225,True
3,11,0.000578282733861,True,0.0602000804916,True,-0.0607272594167,-0.0903553261192,-0.0301552456276,True
3,12,0.286593471443,True,0.0599562565427,True,-0.054392490347,-0.0850889164858,-0.0251326599431,True
3,13,0.0570014209103,True,0.0593860941503,True,-0.060457252068,-0.0887305727617,-0.0293444786114,True
3,14,0.130981978489,True,0.0579788688579,True,-0.0549669805983,-0.0825565940331,-0.0245777251752,True
3,15,0.122977819588,True,0.0572409233658,True,-0.0575092349968,-0.086336986477,-0.0290960631112,True
3,16,0.00362661813226,True,0.0576081850161,True,-0.0582629791598,-0.0871654937127,-0.0295573086965,True
3,17,0.0219676692469,True,0.0562701385976,True,-0.0576003004769,-0.0873149689393,-0.0310448303417,True
3,18,0.00886956499187,True,0.0572120570506,True,-0.0537092120667,-0.0822461197784,-0.0250340627279,True
3,19,0.289260695145,True,0.0568279106113,True,-0.0581849123303,-0.0865248536475,-0.0296969430362,True
4,0,27.1283758823,True,0.147901902121,False,-0.0243529543227,-0.0897113629368,0.0581905391841,False
4,1,7.3673386304,True,0.106369662993,False,-0.0517734774762,-0.106163130851,0.000206532141532,False
4,2,7.28725031869,True,0.0876430290743,False,-0.0461150689749,-0.0892890764559,-0.00164604738158,True
4,3,1.05841497119,False,0.0807129250979,False,-0.061309635374,-0.10372264358,-0.0230097184821,True
4,4,0.0546333728879,True,0.0750140232814,True,-0.0692257792436,-0.107750334848,-0.0327363115668,True
4,5,0.0523164909045,True,0.068808093124,True,-0.0626199263873,-0.0977722766538,-0.0289641835298,True
4,6,0.334568111335,False,0.0664928419872,True,-0.0573187981977,-0.0921846767759,-0.0256918347887,True
4,7,0.361447815288,False,0.0663220385715,True,-0.0525098831638,-0.0866063830159,-0.0202843444444,True
4,8,0.358547811993,False,0.0635311835302,True,-0.0555730781624,-0.0851842333937,-0.0216530498634,True
4,9,0.0910844360931,True,0.0620025435721,True,-0.0593510820055,-0.0898009649088,-0.0277984213367,True
4,10,2.85820299787e-05,True,0.0610683624532,True,-0.0639374967853,-0.0935896083644,-0.0325212459112,True
4,11,0.000141911567391,True,0.0582828957351,True,-0.0702140364761,-0.098219114856,-0.039936219121,True
4,12,9.22313711632e-06,True,0.0600308477587,True,-0.0770244795107,-0.106069107585,-0.0460382598267,True
4,13,5.00373993085e-14,True,0.0574839923561,True,-0.0767632259748,-0.105702442365,-0.0482184500086,True
4,14,1.07405705667e-16,True,0.0595960748115,True,-0.0748452916326,-0.104663112528,-0.0450670377166,True
4,15,5.40780609988e-42,True,0.0580617227103,True,-0.0840669229209,-0.114803656131,-0.0567419334204,True
4,16,2.99442139821e-59,True,0.0555254751792,True,-0.0903196850677,-0.119538138359,-0.0640126631801,True
4,17,6.93375603726e-24,True,0.0577941025682,True,-0.0896591642215,-0.117710721811,-0.0599166192432,True
4,18,7.68155109704e-34,True,0.0556650925277,True,-0.0873423612673,-0.115461549225,-0.0597964566969,True
4,19,7.86859630315e-56,True,0.0552806100195,True,-0.0869503067431,-0.114104461066,-0.0588238510461,True
5,0,4.69028428048,True,0.140925229558,False,-0.0742620007955,-0.144599077313,-0.00367384775481,True
5,1,3.68018185839,True,0.107214876645,False,-0.0631123884697,-0.119745350863,-0.0125304742188,True
5,2,10.891393682,True,0.0891695571637,False,-0.0414141805653,-0.0876637885504,0.00150576861331,False
5,3,6.04664487854,True,0.078799767251,True,-0.0432822475138,-0.0846060858854,-0.00580631863439,True
5,4,9.52550176921,True,0.0760028735098,True,-0.0374599054016,-0.0770724679291,-0.00106959441925,True
5,5,6.94952745175,True,0.0696384603629,True,-0.039356307647,-0.0738264011392,-0.00418794077639,True
5,6,14.3160558785,True,0.0663632615287,True,-0.0317192525819,-0.0647934052775,0.00156985625126,False
5,7,23.8816755682,True,0.063172349796,True,-0.0261101140276,-0.0578927992266,0.00527955056936,False
5,8,31.8071231178,True,0.060240194905,True,-0.0207377485083,-0.050270865844,0.00996932906094,False
5,9,55.9806653364,True,0.0586585053985,True,-0.0133902522385,-0.0414027863835,0.017255719015,False
5,10,44.5146402768,True,0.0618495183606,True,-0.0163362277732,-0.0486167688966,0.013232749464,False
5,11,58.2666667943,True,0.0585912548173,True,-0.0138624334813,-0.0452955295313,0.013295725286,False
5,12,30.8784147679,True,0.0581977436388,True,-0.0208903538378,-0.0498388544113,0.00835888922752,False
5,13,15.6653799164,True,0.0591551766792,True,-0.0276105562448,-0.057732704182,0.00142247249717,False
5,14,22.0769418581,True,0.0592044499024,True,-0.0237287728127,-0.0553410367208,0.00386341318156,False
5,15,23.171615848,True,0.0574385730238,True,-0.0249335246383,-0.0530372872788,0.00440128574499,False
5,16,10.1107604183,True,0.0566136286939,True,-0.0302806934133,-0.059014426481,-0.00240079778711,True
5,17,4.81056904905,True,0.0569498878943,True,-0.0365383880072,-0.0647225090724,-0.00777262117816,True
5,18,3.3213864393,True,0.058784124206,True,-0.040711444536,-0.0690691907777,-0.0102850665717,True
5,19,0.683406419883,False,0.056367121367,True,-0.0474955572661,-0.0762944966533,-0.0199273752862,True
6,0,28.9262424902,True,0.142400054557,False,-0.0202234265255,-0.0936894282291,0.0487106263283,False
6,1,23.6196497217,True,0.104640710505,False,-0.0319460522236,-0.0829773397013,0.0216633708039,False
6,2,18.8289610116,True,0.0879812110762,False,-0.0336756310482,-0.0778800073164,0.0101012037598,False
6,3,16.0113754083,True,0.0812622038839,False,-0.0336923939102,-0.0768796547583,0.00438254912559,False
6,4,29.4271252458,True,0.0750478374671,True,-0.0246530590864,-0.063339357738,0.011708479729,False
6,5,5.67999733862,True,0.069935968462,True,-0.0406847608019,-0.0756357132436,-0.00569974478154,True
6,6,6.62808334248,True,0.0696137346757,True,-0.038896061588,-0.0728680895963,-0.00325435492066,True
6,7,6.02437076709,True,0.0645284813903,True,-0.0379261735754,-0.0690786247334,-0.00455014334306,True
6,8,1.22211122002,False,0.0630100400785,True,-0.0456384606311,-0.0771528373915,-0.0141427973131,True
6,9,0.685012034119,False,0.0615154298703,True,-0.049197782508,-0.0810018240539,-0.0194863941836,True
6,10,1.2797402642,False,0.0609998300717,True,-0.0469319569209,-0.0773743517538,-0.016374521682,True
6,11,0.185807811022,True,0.0608647372006,True,-0.055474366029,-0.0876129088458,-0.0267481716453,True
6,12,0.0241657202349,True,0.0597267434783,True,-0.0603083811813,-0.0898690039495,-0.0301422604712,True
6,13,0.131605087761,True,0.057843629275,True,-0.0546543414808,-0.0843946689726,-0.0265510396976,True
6,14,3.11245974169e-05,True,0.0580306840844,True,-0.0584019136213,-0.087421561006,-0.0293908769216,True
6,15,0.0953841192937,True,0.0575868017585,True,-0.0564557030479,-0.0856686510692,-0.0280818493106,True
6,16,7.36146711845e-06,True,0.0556037596401,True,-0.0627506705462,-0.090204093936,-0.0346003342959,True
6,17,0.000111280343945,True,0.0552213817897,True,-0.0644879030471,-0.0896804504047,-0.034459068615,True
6,18,1.10425334492e-16,True,0.057650353729,True,-0.0724118189563,-0.100459364159,-0.0428090104304,True
6,19,7.659414635e-12,True,0.0550241560489,True,-0.0684826626018,-0.0963165872685,-0.0412924312196,True
7,0,2.10477389901,False,0.141811491396,False,-0.0856783352258,-0.154026599384,-0.0122151079877,True
7,1,1.69640051569,False,0.107696268999,False,-0.0704455258363,-0.124304124833,-0.0166078558342,True
7,2,6.23203794391,True,0.0903016796773,False,-0.0483839070786,-0.0956457778454,-0.00534409816808,True
7,3,7.56157541888,True,0.0825622726423,False,-0.0437607536614,-0.0870499566661,-0.0044876840238,True
7,4,11.7672521184,True,0.0730459328952,True,-0.0349625490304,-0.0747478061009,-0.00170187320565,True
7,5,16.1825352367,True,0.0710366146118,True,-0.0322450307359,-0.0683644303836,0.00267218422821,False
7,6,18.2323435526,True,0.0659597257467,True,-0.0300518065465,-0.0624278585837,0.00353186716302,False
7,7,5.44681827835,True,0.064018778132,True,-0.0387667309384,-0.071835862132,-0.00781708399996,True
7,8,5.75077431177,True,0.0627641237861,True,-0.0377834097211,-0.0685121127929,-0.00574798900682,True
7,9,5.14620868911,True,0.0616890672957,True,-0.0387289546762,-0.069031236839,-0.00734216954331,True
7,10,2.47377678228,False,0.0603266123488,True,-0.0415616415268,-0.0712496854083,-0.0109230730595,True
7,11,0.596656667054,False,0.0622756958158,True,-0.048627482022,-0.0791270863586,-0.0168513905427,True
7,12,0.329672892677,True,0.0598145332853,True,-0.0519734986072,-0.0805403718058,-0.0207258385205,True
7,13,0.108219371358,True,0.0601780847002,True,-0.0564955001218,-0.0881786160066,-0.0280005313064,True
7,14,0.106608929018,True,0.0582137360181,True,-0.0556426143993,-0.0865642888396,-0.0283505528216,True
7,15,0.142970359498,True,0.0588727758623,True,-0.0523305741055,-0.0816986634866,-0.0228258876243,True
7,16,0.0204742145501,True,0.0566236335836,True,-0.0580464803245,-0.0858284975766,-0.029204863993,True
7,17,0.00158239415206,True,0.0553960183253,True,-0.0577219676128,-0.0851483113626,-0.0297522930372,True
7,18,4.00923318221e-06,True,0.0585287713071,True,-0.0580791791886,-0.0849230133604,-0.0263942420533,True
7,19,0.00303925752031,True,0.0574027880775,True,-0.0579741993806,-0.0867171660547,-0.0293143779771,True
8,0,17.411046074,True,0.139150180567,False,-0.0411098300097,-0.109240608626,0.0299095719403,False
8,1,9.26855156397,True,0.105180922769,False,-0.0492982822046,-0.101194667631,0.00398625513816,False
8,2,5.95191054621,True,0.0885313661342,False,-0.0499823803482,-0.0962005585435,-0.0076691924093,True
8,3,6.23001521592,True,0.0792439014164,True,-0.0443058623452,-0.0848723751632,-0.00562847374673,True
8,4,2.38127616432,False,0.0727413239933,True,-0.0500418076499,-0.0872861508742,-0.0145448268808,True
8,5,13.1784613005,True,0.0714577632593,True,-0.0339785496205,-0.0676956903648,0.00376207289457,False
8,6,13.302356269,True,0.065646189193,True,-0.0322433665677,-0.06522755946,0.000418629732983,False
8,7,5.36780409668,True,0.0655840064593,True,-0.0388138002821,-0.0740270194755,-0.00844301301624,True
8,8,1.94866344226,False,0.06207207529,True,-0.0424164769792,-0.0737804016059,-0.0117083263159,True
8,9,14.6812160737,True,0.0645195101663,True,-0.0292096934954,-0.0609767067724,0.00354280339394,False
8,10,9.08746113892,True,0.0607743414912,True,-0.0336616678373,-0.0645257816881,-0.00375144019696,True
8,11,4.2020057306,True,0.0597050301875,True,-0.0374517725171,-0.0675129530757,-0.00780792288826,True
8,12,0.483834020589,False,0.0606254738267,True,-0.0485204830906,-0.0786075190158,-0.0179820451891,True
8,13,0.352794069212,False,0.058422795276,True,-0.0490671413071,-0.0780023878521,-0.0195795925761,True
8,14,0.396837385465,False,0.0570196884591,True,-0.04987625353,-0.0783494860386,-0.0213297975795,True
8,15,0.0256997483153,True,0.0577771704015,True,-0.0525427222303,-0.08180493033,-0.0240277599285,True
8,16,0.106507233675,True,0.055233751871,True,-0.0519948915818,-0.0804651284789,-0.0252313766079,True
8,17,0.10358832149,True,0.0555627395651,True,-0.0499669745561,-0.0790844848655,-0.0235217453004,True
8,18,0.0641519541366,True,0.0564145091888,True,-0.0543150251735,-0.0816549848362,-0.0252404756474,True
8,19,0.146496104702,True,0.0567083950342,True,-0.0535655340832,-0.0842065887219,-0.0274981936877,True
9,0,18.9427665253,True,0.142136604456,False,-0.0396081732567,-0.112644297627,0.0294923068289,False
9,1,7.9837356273,True,0.102986847397,False,-0.0499652012459,-0.102355483495,0.00063136390202,False
9,2,12.1699698795,True,0.0896901574792,False,-0.0409891790884,-0.0866128212178,0.00307733626147,False
9,3,1.47451582361,False,0.0801449751717,False,-0.0553952752565,-0.0944562701585,-0.0143112949867,True
9,4,0.929998639003,False,0.0730529682198,True,-0.0545404788421,-0.0885255742051,-0.0154726059853,True
9,5,2.54276252664,False,0.0727747734813,True,-0.0522801159906,-0.0882723152297,-0.0154975417484,True
9,6,0.474370712692,False,0.0681160738415,True,-0.0558965307545,-0.0884934281682,-0.0203773543267,True
9,7,0.0166057762153,True,0.0639207890982,True,-0.0650560788958,-0.097645274516,-0.0337244854179,True
9,8,0.271683004754,True,0.0643997006411,True,-0.0547532632153,-0.086217993691,-0.0218182930499,True
9,9,0.0887202664736,True,0.0629797588548,True,-0.0568743801418,-0.0871179639593,-0.0241382051045,True
9,10,4.63565727801e-05,True,0.0601217734676,True,-0.0600144705529,-0.0902337884248,-0.0301120149571,True
9,11,0.000156290504364,True,0.0616770004063,True,-0.0691818036474,-0.0988428015331,-0.0371658011268,True
9,12,0.00315840697825,True,0.061411868241,True,-0.0616724083325,-0.0922147099226,-0.0308028416816,True
9,13,1.58138709857e-06,True,0.0580521993711,True,-0.0619642950985,-0.0910563332755,-0.0330041339044,True
9,14,5.54527202274e-07,True,0.0563390298792,True,-0.063110152395,-0.0920393932706,-0.0357003633914,True
9,15,1.72660502242e-11,True,0.0565546566539,True,-0.0679647528864,-0.0964634279105,-0.0399087712566,True
9,16,4.89176086019e-10,True,0.0562950297235,True,-0.0653061462437,-0.0930182812066,-0.0367232514831,True
9,17,6.52265800493e-22,True,0.05649025376,True,-0.0726312910794,-0.0996712394955,-0.0431809857355,True
9,18,3.30592070782e-21,True,0.0569328662208,True,-0.0775410537844,-0.105415536433,-0.048482670212,True
9,19,3.32690585132e-22,True,0.0569114792788,True,-0.081772807738,-0.108945676805,-0.0520341975259,True
10,0,22.5958552222,True,0.144097589619,False,0.0315686192562,-0.0442510815763,0.0998465080424,False
10,1,44.2870943498,True,0.103159906866,False,0.000191916401664,-0.0517289261126,0.0514309807539,False
10,2,51.8454426661,True,0.0916097232216,False,-0.00855013154004,-0.0578642582524,0.0337454649692,False
10,3,17.1613163635,True,0.0798804052679,True,-0.0327648000042,-0.0733129168592,0.00656748840865,False
10,4,12.2847302179,True,0.0752884081101,True,-0.0359326082119,-0.0740649860844,0.00122342202573,False
10,5,4.52430807982,True,0.0707741176051,True,-0.0423239593381,-0.0760821562163,-0.00530803861118,True
10,6,2.12420825509,False,0.0667652584524,True,-0.046491500644,-0.081145358981,-0.0143801005286,True
10,7,0.167370414755,True,0.0629468965874,True,-0.056876400775,-0.0880526064712,-0.0251057098838,True
10,8,0.216080209921,True,0.0629941572887,True,-0.0593589003795,-0.0899202669467,-0.026926109658,True
10,9,0.012388403833,True,0.0633128451083,True,-0.0644343238298,-0.0970368959442,-0.0337240508359,True
10,10,1.23956255758e-05,True,0.0616525708556,True,-0.0635591999331,-0.0950624274561,-0.0334098566005,True
10,11,0.0705185062292,True,0.0597104520693,True,-0.0587409402458,-0.087654986057,-0.0279445339877,True
10,12,3.00917571061e-09,True,0.0572518792812,True,-0.0663353387127,-0.0954725892758,-0.0382207099946,True
10,13,0.0903555904939,True,0.0593007695103,True,-0.0618615049724,-0.0916443930612,-0.0323436235509,True
10,14,0.000241401433266,True,0.0552533054806,True,-0.0629073493598,-0.090425636376,-0.0351723308954,True
10,15,2.71297582251e-07,True,0.0563726379425,True,-0.06298901153,-0.0921122045381,-0.0357395665956,True
10,16,0.0596579411439,True,0.0575435680225,True,-0.0620233651647,-0.0907945610763,-0.0332509930539,True
10,17,1.10646273763e-11,True,0.0574215583024,True,-0.0655919726477,-0.0940466420545,-0.0366250837521,True
10,18,2.27824742439e-06,True,0.0572540287335,True,-0.0660845198195,-0.0957371252281,-0.0384830964946,True
10,19,5.64465411978e-10,True,0.0567192390766,True,-0.0668986718754,-0.0949586210867,-0.03823938201,True
11,0,7.35396060714,True,0.143031331675,False,-0.063578477886,-0.130122037583,0.0129092940915,False
11,1,0.206103479482,True,0.103594575948,False,-0.0854541092319,-0.133822025884,-0.0302274499362,True
11,2,0.562196163109,False,0.0901353974804,False,-0.0713719483803,-0.116719362924,-0.0265839654432,True
11,3,0.290009851482,True,0.0814740722972,False,-0.0711141088782,-0.110230317725,-0.0287562454275,True
11,4,0.846120719413,False,0.0748610346325,True,-0.0592690137724,-0.0970332168103,-0.0221721821778,True
11,5,1.98268891425,False,0.0687516749737,True,-0.0499855548656,-0.083610824321,-0.0148591493474,True
11,6,1.49813772483,False,0.0664214240261,True,-0.050281764668,-0.0834255311597,-0.0170041071337,True
11,7,0.564579633963,False,0.0642108870959,True,-0.0517123715389,-0.0856065768561,-0.0213956897602,True
11,8,0.451060252319,False,0.0637167877938,True,-0.0528847267308,-0.0836055102364,-0.0198887224427,True
11,9,0.029633562323,True,0.0611618439584,True,-0.0559245273172,-0.0867756664932,-0.0256138225348,True
11,10,0.119059469412,True,0.0604426771273,True,-0.0564060615277,-0.0874256772503,-0.0269830001231,True
11,11,0.221923826341,True,0.0578161563461,True,-0.0540221211017,-0.0837820189331,-0.025965862587,True
11,12,4.23220604204e-09,True,0.0561530142559,True,-0.0651161713116,-0.0923476517794,-0.0361946375235,True
11,13,9.7321868208e-10,True,0.0590134704343,True,-0.0685012263766,-0.0987554810928,-0.0397420106585,True
11,14,5.49936985396e-09,True,0.0573472640904,True,-0.0681966091241,-0.0971543954904,-0.0398071314,True
11,15,6.12169687987e-08,True,0.0557401303775,True,-0.0667323491114,-0.0949464717009,-0.0392063413234,True
11,16,1.06966335999e-07,True,0.0567796482197,True,-0.0613699488142,-0.0895454709262,-0.0327658227065,True
11,17,0.00130184656642,True,0.056489318379,True,-0.0643023329935,-0.0921775358406,-0.0356882174616,True
11,18,4.25127354515e-10,True,0.0561522686439,True,-0.0675378828895,-0.0960499950171,-0.0398977263732,True
11,19,5.49717913348e-18,True,0.0565952334118,True,-0.0705164185264,-0.0997387747377,-0.0431435413259,True
12,0,0.163773285251,True,0.141070387798,False,-0.110013910199,-0.177966273965,-0.0368958861672,True
12,1,0.899495654197,False,0.106460099489,False,-0.078589721993,-0.13359870372,-0.0271386042304,True
12,2,3.73488203874,True,0.0880527094869,False,-0.0526195644429,-0.0979536774317,-0.00990096794474,True
12,3,1.58408110801,False,0.0792172593293,True,-0.0545709526781,-0.0961881683034,-0.0169709089741,True
12,4,6.97396271195,True,0.0743381035555,True,-0.0420050771339,-0.0779874428154,-0.00364933925992,True
12,5,2.37820031239,False,0.0717885239039,True,-0.0480964552833,-0.0828136826824,-0.0110251587786,True
12,6,0.949219536251,False,0.066497628314,True,-0.0505957219841,-0.083299024657,-0.016801396343,True
12,7,0.220241642999,True,0.065954157182,True,-0.0605137684465,-0.0922098130473,-0.0262556558653,True
12,8,0.131451929133,True,0.0641836820413,True,-0.0534401975049,-0.0846476972901,-0.0204640152488,True
12,9,0.105330532574,True,0.0644802886901,True,-0.0594660756774,-0.0928268310293,-0.0283465423392,True
12,10,0.220141007827,True,0.0594536093742,True,-0.0551640414134,-0.0850300613217,-0.0255764519476,True
12,11,0.0467670559201,True,0.0583011271429,True,-0.0558492449596,-0.0837213115596,-0.0254201844167,True
12,12,0.13889012865,True,0.0578216692094,True,-0.051130995467,-0.077932648663,-0.0201109794537,True
12,13,0.187867127653,True,0.0575014783036,True,-0.050927281675,-0.0796567748022,-0.0221552964986,True
12,14,0.332642826304,True,0.0575302888149,True,-0.0500393224459,-0.0798426127049,-0.0223123238901,True
12,15,0.00756948126241,True,0.0581830352269,True,-0.0538414595592,-0.0822174738415,-0.0240344386146,True
12,16,0.00136287613732,True,0.0555016221021,True,-0.0538284176177,-0.0816825877542,-0.026180965652,True
12,17,0.175569771646,True,0.0561278061571,True,-0.0535212054708,-0.0814900527016,-0.0253622465444,True
12,18,1.07255848424,False,0.0561107171496,True,-0.0448744381639,-0.0730336107028,-0.0169228935532,True
12,19,0.182798543189,True,0.0569615725447,True,-0.0468035684477,-0.0756856803139,-0.0187241077692,True
13,0,7.78364634609,True,0.13868182191,False,-0.0625532995086,-0.132644574197,0.00603724771309,False
13,1,12.8007739344,True,0.103399525182,False,-0.0426023344764,-0.0978800564861,0.00551946869576,False
13,2,11.9979493775,True,0.0898022561757,False,-0.0404784737355,-0.0834228489216,0.00637940725406,False
13,3,14.145736688,True,0.0800330554727,False,-0.035802567522,-0.0777442290652,0.00228882640749,False
13,4,6.84265243505,True,0.0739257592814,True,-0.0419669476572,-0.0777720637651,-0.00384630448369,True
13,5,3.98231754001,True,0.0710359764189,True,-0.0439330778769,-0.0789961598567,-0.00796018343787,True
13,6,1.75962790587,False,0.0661949930267,True,-0.0471909295485,-0.0809819825028,-0.0147869894761,True
13,7,4.15568717092,True,0.0633758844723,True,-0.0390970986855,-0.0691472500098,-0.00577136553743,True
13,8,1.28927239011,False,0.0644616757601,True,-0.0483761927537,-0.0813231701269,-0.0168614943667,True
13,9,0.286141140597,True,0.0585904579635,True,-0.0555828996309,-0.0852838849289,-0.0266934269654,True
13,10,0.0740519445526,True,0.061767157069,True,-0.058303350723,-0.0881552095528,-0.0263880524838,True
13,11,0.124096894337,True,0.0590600089175,True,-0.0553680393794,-0.0847699691811,-0.0257099602636,True
13,12,0.184129955144,True,0.0575719789656,True,-0.0557428104416,-0.0845937324383,-0.0270217534727,True
13,13,0.270525454306,True,0.0586803985865,True,-0.0487454920943,-0.0784484602351,-0.0197680616486,True
13,14,0.0931665154076,True,0.0578341355225,True,-0.0554850806918,-0.0837669512872,-0.0259328157648,True
13,15,0.678892364133,False,0.0578798694582,True,-0.0488479281411,-0.0769115526028,-0.0190316831445,True
13,16,0.249325031196,True,0.055105725583,True,-0.047887269,-0.0751585786537,-0.0200528530707,True
13,17,0.66068647723,False,0.0565628832231,True,-0.0460072534584,-0.0749906949486,-0.0184278117255,True
13,18,0.133163324397,True,0.0561136848022,True,-0.0552749760707,-0.0829720882123,-0.0268584034101,True
13,19,0.00243419938813,True,0.055611137519,True,-0.0576636050655,-0.0847080274124,-0.0290968898935,True
14,0,22.6423495509,True,0.139068205406,False,-0.035292312934,-0.104274971586,0.0347932338192,False
14,1,2.36750095885,False,0.103652101545,False,-0.0671615655308,-0.117740673801,-0.0140885722567,True
14,2,2.80533363367,False,0.0878545328755,False,-0.0558727234876,-0.101481701893,-0.0136271690178,True
14,3,0.756776313863,False,0.0804211721966,False,-0.0594976999765,-0.100283820404,-0.0198626482078,True
14,4,0.907534347264,False,0.0700472619158,True,-0.0549601406818,-0.089285331354,-0.0192380694382,True
14,5,0.648165491765,False,0.0695524464853,True,-0.0560956263829,-0.0909362940704,-0.0213838475851,True
14,6,1.00530783731,False,0.0670813307047,True,-0.0509590595341,-0.0826596281817,-0.0155782974769,True
14,7,0.558691508594,False,0.0639782504751,True,-0.0532257361198,-0.083900886757,-0.019922636282,True
14,8,0.0289888510519,True,0.0606507671169,True,-0.0606572116816,-0.0909344591107,-0.0302836919938,True
14,9,0.31170983484,True,0.0614960990454,True,-0.054216088189,-0.0845771916823,-0.023081092637,True
14,10,0.434730283255,False,0.0595936249847,True,-0.0533647949248,-0.0834425546374,-0.0238489296526,True
14,11,0.414902242586,False,0.0613927379901,True,-0.0502521261389,-0.0797882751147,-0.0183955371246,True
14,12,1.51071569056,False,0.0600822714534,True,-0.045042174335,-0.0764816111838,-0.0163993397304,True
14,13,3.06296800258,True,0.0601228108043,True,-0.0419469002456,-0.07083118459,-0.0107083737858,True
14,14,2.51346440812,False,0.057440024097,True,-0.0396559073432,-0.0694984636999,-0.0120584396029,True
14,15,1.11168873224,False,0.0579128815142,True,-0.0449497631458,-0.0722912145296,-0.0143783330154,True
14,16,1.56278836284,False,0.0579768914974,True,-0.0436662984911,-0.071052953788,-0.0130760622906,True
14,17,0.545696948613,False,0.0557520639203,True,-0.0465129560519,-0.0751079252098,-0.0193558612896,True
14,18,0.0648420665341,True,0.0566656755024,True,-0.0485944156872,-0.0772325673558,-0.0205668918534,True
14,19,0.0041039934984,True,0.0542043582503,True,-0.0524903391142,-0.0790209942184,-0.0248166359681,True
15,0,33.5958433568,True,0.139646522556,False,0.0093636877542,-0.0577227994582,0.0819237230975,False
15,1,31.5908105316,True,0.103120561501,False,-0.0233324931195,-0.0748100416049,0.0283105198957,False
15,2,27.7399643963,True,0.0907955522488,False,-0.0271403259792,-0.0720414815597,0.0187540706891,False
15,3,29.5374082541,True,0.0766743861098,True,-0.0252191179484,-0.0640165554485,0.0126578306613,False
15,4,14.5106903095,True,0.0738616795961,True,-0.0325659340374,-0.0701523347215,0.00370934487465,False
15,5,11.3047586576,True,0.067552566762,True,-0.0333491271267,-0.0681180838389,-0.00056551707681,True
15,6,32.9662999896,True,0.0673701117844,True,-0.0220996339179,-0.0537131529404,0.0136569588439,False
15,7,19.5946812575,True,0.0628376487072,True,-0.0281430905464,-0.0586480993598,0.00418954934735,False
15,8,29.9699192826,True,0.0628616860836,True,-0.0232676959688,-0.0549165718483,0.00794511423538,False
15,9,7.23882163185,True,0.0591875862118,True,-0.0341171274724,-0.0639263718326,-0.00473878562081,True
15,10,18.1175528261,True,0.0584879316206,True,-0.0272127907712,-0.0566725216323,0.00181540998833,False
15,11,6.61285317637,True,0.0585437879789,True,-0.0351878002873,-0.0649539075803,-0.00641011960143,True
15,12,2.07880830676,False,0.0582651298215,True,-0.0408403605427,-0.0699080082575,-0.0116428784361,True
15,13,4.17390441559,True,0.0586517690183,True,-0.037140744649,-0.0657632064122,-0.00711143739388,True
15,14,7.60517784211,True,0.0589192319564,True,-0.0348552221575,-0.0653970325342,-0.00647780057788,True
15,15,3.93850045112,True,0.0573289591535,True,-0.0367978585396,-0.0643929777856,-0.00706401863213,True
15,16,2.47316747919,False,0.0582629858622,True,-0.0398096613482,-0.0681356063764,-0.0098726205142,True
15,17,0.530733618911,False,0.0557695413563,True,-0.046441238059,-0.0750720905424,-0.0193025491861,True
15,18,0.506970744723,False,0.0574454183388,True,-0.0500516843173,-0.0795626881808,-0.0221172698419,True
15,19,0.152890513626,True,0.0586815565278,True,-0.0503952046725,-0.0795378033261,-0.0208562467984,True
16,0,22.9371737054,True,0.140761064923,False,-0.0318630745945,-0.10238282979,0.0383782351325,False
16,1,29.902300908,True,0.10298712782,False,-0.0264571102693,-0.0773005667765,0.0256865610431,False
16,2,30.4314781713,True,0.0900116746354,False,-0.0245604080653,-0.0674768562458,0.0225348183896,False
16,3,13.6415643025,True,0.0780287462577,True,-0.0356126105079,-0.0761124467975,0.00191629946025,False
16,4,9.53834262234,True,0.0738544121458,True,-0.0377778713041,-0.075354440711,-0.00150002856515,True
16,5,7.09321370322,True,0.0681643145348,True,-0.0383868425463,-0.071866453008,-0.00370213847321,True
16,6,18.7594499027,True,0.0670045104404,True,-0.0288152778767,-0.0611914133277,0.00581309711268,False
16,7,9.23644946742,True,0.0627040941984,True,-0.0327597337602,-0.0635032888556,-0.000799194657286,True
16,8,3.2509138724,True,0.0615153410735,True,-0.0404764494703,-0.0722739732825,-0.010758632209,True
16,9,0.833872307605,False,0.0621571654594,True,-0.0479184763423,-0.080874419037,-0.0187172535775,True
16,10,0.330999959869,True,0.0597246822413,True,-0.0534564534119,-0.083704143764,-0.0239794615228,True
16,11,0.0895730042164,True,0.060105615005,True,-0.0573310727296,-0.0864842344501,-0.0263786194451,True
16,12,0.00890390472447,True,0.0579252067611,True,-0.0627707795988,-0.0909920429298,-0.0330668361687,True
16,13,3.83158462387e-07,True,0.0581377233254,True,-0.0634128412951,-0.0919723831947,-0.0338346598693,True
16,14,4.73299975517e-14,True,0.0598538358214,True,-0.0769138145628,-0.109063410181,-0.0492095743598,True
16,15,3.14110866157e-20,True,0.0570471008289,True,-0.0770844348669,-0.104763316735,-0.0477162159062,True
16,16,3.4945974501e-34,True,0.0561984098432,True,-0.0823111648075,-0.110120723287,-0.053922313444,True
16,17,5.19434886714e-48,True,0.0569934939998,True,-0.0882607249909,-0.11714783813,-0.0601543441304,True
16,18,7.6967929686e-58,True,0.0565237866112,True,-0.0932250736114,-0.122015807124,-0.0654920205123,True
16,19,9.49367252279e-78,True,0.0554855685935,True,-0.10236339445,-0.129157463899,-0.0736718953056,True
17,0,8.657242231,True,0.140857753452,False,-0.061663405502,-0.132890891744,0.00796686170809,False
17,1,21.032793102,True,0.106538826095,False,-0.0350271951717,-0.0859439452662,0.0205948808292,False
17,2,16.52232906,True,0.0875742931786,False,-0.0367282708714,-0.0790504473602,0.00852384581841,False
17,3,18.4302860474,True,0.0807421073431,False,-0.0327639668304,-0.0743325103737,0.00640959696932,False
17,4,30.2116358351,True,0.0729359966529,True,-0.0240832949013,-0.0597500764519,0.013185920201,False
17,5,17.1033598411,True,0.0695665888189,True,-0.0306238656187,-0.0649087139182,0.00465787490072,False
17,6,9.373682558,True,0.065923001949,True,-0.0339337790247,-0.0690151729142,-0.00309217096516,True
17,7,5.97241952746,True,0.06502925939,True,-0.0378551768206,-0.0694596351848,-0.00443037579475,True
17,8,16.8522754481,True,0.0635244099142,True,-0.0288521764728,-0.0604065576915,0.00311785222274,False
17,9,4.69884305586,True,0.0643191614418,True,-0.0387732236789,-0.0721876038005,-0.00786844235868,True
17,10,3.89533083895,True,0.0606341836204,True,-0.0373133325979,-0.0685009782916,-0.00786679467119,True
17,11,6.42214594009,True,0.0613609129995,True,-0.0344375609004,-0.0672149604557,-0.00585404745621,True
17,12,7.28001961047,True,0.0594736175142,True,-0.0345177581569,-0.0631333836696,-0.00365976615542,True
17,13,5.75795023857,True,0.0561576689328,True,-0.0346701673409,-0.0624862015985,-0.00632853266576,True
17,14,5.00001805828,True,0.0578455546224,True,-0.0351359052156,-0.0654128046965,-0.0075672500741,True
17,15,4.44326759556,True,0.0579764044522,True,-0.0374313220553,-0.0667541554255,-0.00877775097321,True
17,16,5.54123274732,True,0.0596760023855,True,-0.0357601204297,-0.0658558510996,-0.00617984871402,True
17,17,1.82653928306,False,0.0579757797903,True,-0.0395418166943,-0.068100391658,-0.0101246118678,True
17,18,0.596170939111,False,0.0581320670567,True,-0.0460639977659,-0.0751103067434,-0.0169782396866,True
17,19,0.654193883074,False,0.0556716936965,True,-0.0437579482602,-0.0719118478878,-0.0162401541914,True
18,0,14.8676447052,True,0.135666582167,False,-0.0495753611302,-0.120317133981,0.0153494481859,False
18,1,19.7744358751,True,0.104190716302,False,-0.0343591794114,-0.084758040156,0.0194326761459,False
18,2,25.3680048964,True,0.0941809323759,False,-0.0272085199935,-0.074510931795,0.0196700005809,False
18,3,4.25588739912,True,0.079378085767,True,-0.0497400451603,-0.0897392437617,-0.0103611579947,True
18,4,1.14173731288,False,0.0732042568333,True,-0.0539705318873,-0.089451297285,-0.0162470404516,True
18,5,0.597173781705,False,0.0716353103842,True,-0.0590806450352,-0.0953416564564,-0.0237063460722,True
18,6,0.676044261495,False,0.0671512380904,True,-0.0552039175009,-0.089672181413,-0.0225209433225,True
18,7,0.0387904282036,True,0.064699318148,True,-0.0625156284334,-0.0935684479531,-0.0288691298051,True
18,8,0.0375189866361,True,0.0645723654548,True,-0.0573464578847,-0.0900085513442,-0.0254361858894,True
18,9,0.402127294092,False,0.0607531610945,True,-0.0569831748142,-0.0875865275775,-0.0268333664829,True
18,10,0.0883665404394,True,0.0603467720667,True,-0.0578038797896,-0.0883650010343,-0.0280182289676,True
18,11,0.275418591197,True,0.0596780085191,True,-0.0511899235897,-0.0806598735087,-0.0209818649896,True
18,12,0.0813330709344,True,0.0566510133522,True,-0.0530794697151,-0.0818272469122,-0.02517623356,True
18,13,0.0976516518326,True,0.0575302138442,True,-0.0568445218754,-0.0846217132827,-0.0270914994385,True
18,14,0.00276831356931,True,0.0593672101453,True,-0.0552302201052,-0.0846180843197,-0.0252508741744,True
18,15,0.025898640887,True,0.0595665128017,True,-0.0576227098484,-0.0889030259506,-0.0293365131489,True
18,16,0.156758698112,True,0.057906872566,True,-0.0531696278416,-0.0810843117892,-0.0231774392232,True
18,17,0.0824869972846,True,0.0565594966351,True,-0.0551790124041,-0.0848215904757,-0.0282620938405,True
18,18,0.0527730670543,True,0.0553445828282,True,-0.0545044443374,-0.0812291438659,-0.0258845610378,True
18,19,0.00595511915203,True,0.0569651879489,True,-0.0581737014902,-0.0870653074369,-0.030100119488,True
19,0,11.0575777611,True,0.137682051493,False,0.0549632747557,-0.0182878968626,0.119394154631,False
19,1,33.1022728854,True,0.107289397859,False,0.0229286563077,-0.0278094997376,0.0794798981214,False
19,2,44.53480093,True,0.0876252500785,False,-0.0156723009641,-0.0612372040247,0.0263880460538,False
19,3,36.6409419969,True,0.0759852158596,True,-0.0210090479049,-0.0613596920515,0.0146255238081,False
19,4,53.2327311888,True,0.0750165959646,True,-0.012757789732,-0.0487168242977,0.0262997716668,False
19,5,27.9346218923,True,0.0685446632746,True,-0.02329499931,-0.0575024610897,0.0110422021849,False
19,6,27.9238185781,True,0.0680208787087,True,-0.0252872356834,-0.0584681091891,0.00955276951955,False
19,7,38.1213324464,True,0.0640637395923,True,-0.0186450786105,-0.0515267885742,0.0125369510181,False
19,8,28.6233038991,True,0.0635959239923,True,-0.022618345657,-0.0535823297796,0.0100135942127,False
19,9,20.8140174077,True,0.0601114538086,True,-0.0259232119091,-0.0560648812692,0.00404657253937,False
19,10,23.8176257675,True,0.0622704107542,True,-0.0240749619645,-0.0563790308548,0.00589137989939,False
19,11,22.4358458624,True,0.0591144045419,True,-0.0250921146717,-0.055462659541,0.00365174500093,False
19,12,22.3575244519,True,0.0582008759727,True,-0.024268830681,-0.0523828227531,0.00581805321959,False
19,13,11.8325095034,True,0.0580983748756,True,-0.0299844764545,-0.0597431364762,-0.00164476160067,True
19,14,10.0447310395,True,0.0581095023575,True,-0.0315643363672,-0.0601384273224,-0.00202892496494,True
19,15,8.29850939986,True,0.0579932391341,True,-0.031993921778,-0.0603909935546,-0.00239775442057,True
19,16,2.38203695622,False,0.0590601183231,True,-0.0393108255696,-0.0703808077977,-0.0113206894746,True
19,17,2.53492773444,False,0.0552760177517,True,-0.0381218552775,-0.0648333849562,-0.00955736720449,True
19,18,7.52361838306,True,0.0563344006938,True,-0.0327818557391,-0.0603155864749,-0.00398118578107,True
19,19,6.28849902575,True,0.0564424422636,True,-0.0338991472931,-0.0613844058599,-0.00494196359631,True
20,0,33.1402337095,True,0.141738832422,False,-0.0119048516481,-0.0817723533985,0.0599664790235,False
20,1,31.1715390611,True,0.105443330574,False,-0.0241210820979,-0.0798763527078,0.0255669778661,False
20,2,37.3581473081,True,0.0879256387668,False,-0.0196905235348,-0.0634419616124,0.0244836771544,False
20,3,33.0085243753,True,0.0781389117275,True,-0.0225335843682,-0.0616207565476,0.0165181551799,False
20,4,1.56795316494,False,0.0742683128447,True,-0.052193973816,-0.0904350849356,-0.0161667720909,True
20,5,3.71606435065,True,0.067988219679,True,-0.0452718365708,-0.0803115536732,-0.0123233339941,True
20,6,5.4823720862,True,0.0674896945339,True,-0.040396901535,-0.07391823158,-0.00642853704606,True
20,7,1.08079916626,False,0.0632395611832,True,-0.0464132770028,-0.079427638137,-0.0161880769538,True
20,8,7.69696315213,True,0.0652388429059,True,-0.0367482758756,-0.0702159152823,-0.00497707237642,True
20,9,3.00467476936,True,0.0600166238979,True,-0.0404538811731,-0.0701965152747,-0.0101798913768,True
20,10,1.70927465015,False,0.0609422504285,True,-0.0429868555203,-0.0727840701934,-0.0118418197648,True
20,11,1.05445278989,False,0.0615351207076,True,-0.0483150414736,-0.081517785042,-0.0199826643344,True
20,12,0.335212928413,False,0.0595578587673,True,-0.0506860073055,-0.0798190826521,-0.0202612238848,True
20,13,0.59864349861,False,0.0578087200747,True,-0.0498676669201,-0.0799872560267,-0.0221785359521,True
20,14,0.416015078899,False,0.0559495879071,True,-0.0466648381485,-0.0749619240943,-0.0190123361872,True
20,15,0.628145864284,False,0.0571184919226,True,-0.047494501865,-0.0753369344915,-0.018218442569,True
20,16,0.0504351886639,True,0.0562036257053,True,-0.0513752316417,-0.0795083533089,-0.0233047276036,True
20,17,0.566750280989,False,0.0565555784769,True,-0.0453789242192,-0.0723966020047,-0.0158410235278,True
20,18,0.372946238363,False,0.0542031198075,True,-0.0491728240384,-0.0765630906541,-0.0223599708466,True
20,19,0.052366683529,True,0.0583519709867,True,-0.054487022281,-0.0843177021451,-0.0259657311585,True
21,0,34.3135183189,True,0.140665328988,False,-0.00772141168433,-0.0799095069345,0.0607558220537,False
21,1,43.9804648338,True,0.104937434304,False,0.00576360797414,-0.0463579766823,0.0585794576216,False
21,2,48.7619703928,True,0.088812082851,False,-0.011593699759,-0.0584868661239,0.0303252167271,False
21,3,41.9801811793,True,0.0799794657964,True,-0.0175965371255,-0.0584133550709,0.0215661107254,False
21,4,35.7991399406,True,0.0729476421268,True,-0.021436874992,-0.0586017437699,0.0143458983569,False
21,5,40.7605126872,True,0.0699275649802,True,-0.0186439512342,-0.0513580856164,0.0185694793639,False
21,6,41.6212384173,True,0.0676380009318,True,-0.0180346530606,-0.0510361880604,0.0166018128713,False
21,7,37.4145615789,True,0.0671013208048,True,-0.0196337238941,-0.0540722313294,0.0130290894754,False
21,8,27.2868043374,True,0.0619198095218,True,-0.0235504468556,-0.0541972909141,0.00772251860776,False
21,9,22.187765804,True,0.0618021378684,True,-0.0264809501171,-0.0588167476736,0.00298539019478,False
21,10,11.0361822239,True,0.0606220479495,True,-0.0300861823805,-0.059326095301,0.00129595264848,False
21,11,6.83078666031,True,0.0591263273962,True,-0.033354928269,-0.0623514679412,-0.00322514054494,True
21,12,0.43672686062,False,0.0565839490042,True,-0.0461277949845,-0.0760823685816,-0.0194984195774,True
21,13,2.55768866431,False,0.0559666290604,True,-0.0404897092337,-0.0696733383731,-0.0137067093127,True
21,14,1.74153965591,False,0.0585462939894,True,-0.0429857837467,-0.071293176709,-0.0127468827196,True
21,15,0.212943916857,True,0.05857581909,True,-0.0497756135322,-0.0758368750293,-0.0172610559393,True
21,16,0.112865228956,True,0.0562858000595,True,-0.0538532182417,-0.082704328576,-0.0264185285165,True
21,17,0.194158887121,True,0.0572706924008,True,-0.0521540429574,-0.0811347895027,-0.0238640971019,True
21,18,0.0779619595955,True,0.0562781624874,True,-0.0589290583417,-0.0862477569741,-0.0299695944866,True
21,19,0.113440672191,True,0.0553810139609,True,-0.0639896468575,-0.091927075897,-0.0365460619361,True
22,0,24.1556576451,True,0.136786862692,False,-0.0295793028745,-0.0982521143187,0.0385347483734,False
22,1,0.218275078059,True,0.102460109186,False,-0.0911778530173,-0.1427610848,-0.0403009756141,True
22,2,0.291233066287,True,0.086965219011,False,-0.0735647847279,-0.117475355511,-0.0305101365004,True
22,3,0.45806193436,False,0.081580063157,False,-0.0623712732791,-0.104037783332,-0.0224577201754,True
22,4,0.301073261523,True,0.0720312048762,True,-0.0564684509797,-0.0920228031246,-0.0199915982484,True
22,5,0.484680780901,False,0.0680053308083,True,-0.0570690695274,-0.0908776054778,-0.0228722746695,True
22,6,1.24390278446e-05,True,0.0695217533546,True,-0.0767546822391,-0.110046399882,-0.0405246465273,True
22,7,0.0276937053835,True,0.0632627119381,True,-0.0779125550441,-0.110066308102,-0.0468035961641,True
22,8,3.51986344552e-12,True,0.0598798131705,True,-0.070264085209,-0.101270197361,-0.0413903841903,True
22,9,0.0265694548645,True,0.0615200158149,True,-0.0644704416617,-0.092804069636,-0.031284053821,True
22,10,0.000370373244483,True,0.0608013250109,True,-0.0639843181961,-0.0941390642794,-0.0333377392685,True
22,11,0.000431514192387,True,0.0615689088456,True,-0.0647509376921,-0.0940829120238,-0.0325140031782,True
22,12,0.138104663208,True,0.0585210436841,True,-0.0541150887068,-0.0824904905426,-0.0239694468585,True
22,13,0.226578375937,True,0.0570185420356,True,-0.0585613169796,-0.0862669077781,-0.0292483657425,True
22,14,0.000863241073923,True,0.0574890093614,True,-0.0622133724212,-0.0906397153897,-0.0331507060284,True
22,15,4.80037088661e-09,True,0.0569473375042,True,-0.0669914588346,-0.0956264771826,-0.0386791396785,True
22,16,0.00357050985124,True,0.0562536463223,True,-0.0660694015692,-0.0955766891253,-0.039323042803,True
22,17,4.7915832351e-08,True,0.0556611422456,True,-0.0657054245936,-0.0937903679189,-0.0381292256733,True
22,18,8.47808616508e-14,True,0.0547935251122,True,-0.0720093024893,-0.0996845104586,-0.0448909853463,True
22,19,3.78881413024e-19,True,0.0558922922803,True,-0.0714147734769,-0.097946478574,-0.0420541862937,True
23,0,34.2791676391,True,0.137375814636,False,0.00810381762507,-0.0592517203699,0.0781240942659,False
23,1,41.863148287,True,0.104432341772,False,-0.0105768220811,-0.0618813955054,0.042550946267,False
23,2,28.0237318927,True,0.0884838603272,False,-0.0255291353869,-0.0716315096529,0.0168523506743,False
23,3,19.2448297868,True,0.0793055688367,True,-0.0316070332526,-0.0735964362773,0.00570913255938,False
23,4,20.658228966,True,0.0765459418185,True,-0.0300286355786,-0.0652242955433,0.0113216462752,False
23,5,27.4671097051,True,0.0679541588254,True,-0.0241573967831,-0.0577777223106,0.0101764365148,False
23,6,31.209817333,True,0.06815429259,True,-0.0231660418329,-0.0572041794802,0.0109501131098,False
23,7,15.977145048,True,0.0646358146083,True,-0.0299606872273,-0.062991715045,0.00164409956324,False
23,8,12.4397549236,True,0.0651959120626,True,-0.0320515310873,-0.0632782934661,0.00191761859645,False
23,9,5.38195448602,True,0.0617986195293,True,-0.0364707142053,-0.0670558661791,-0.00525724664976,True
23,10,10.6231522255,True,0.0613815978907,True,-0.032529664978,-0.0634910191754,-0.00210942128469,True
23,11,0.747872128448,False,0.0593196777476,True,-0.0477137581283,-0.0775471362455,-0.0182274584979,True
23,12,0.662977481284,False,0.0588905016096,True,-0.048335802047,-0.0780294107055,-0.019138909096,True
23,13,0.604363564766,False,0.0607236174736,True,-0.0501551374195,-0.0793544234121,-0.0186308059384,True
23,14,0.541905525087,False,0.0588340736217,True,-0.0469085598785,-0.0763985732973,-0.0175644996755,True
23,15,0.357436256836,False,0.0587132221309,True,-0.0497628873083,-0.080620168999,-0.0219069468681,True
23,16,0.199276651664,True,0.0581050215245,True,-0.0499758016871,-0.0796726347826,-0.0215676132581,True
23,17,0.0269499709534,True,0.0576554698793,True,-0.0541561045185,-0.081932111141,-0.0242766412617,True
23,18,0.52838303124,False,0.0581237737678,True,-0.0510117502996,-0.0778062077861,-0.0196824340183,True
23,19,8.69158036345e-05,True,0.0556116440243,True,-0.0552985473291,-0.0825762678549,-0.0269646238305,True
24,0,15.2028090725,True,0.143563389722,False,-0.0476867486497,-0.120789676597,0.0227737131244,False
24,1,2.60215621365,False,0.106821397046,False,-0.0655551934523,-0.118587069598,-0.0117656725518,True
24,2,1.04895831419,False,0.0890443415013,False,-0.0678181606811,-0.113366222065,-0.0243218805632,True
24,3,2.10721728762,False,0.0777677240171,True,-0.052053680769,-0.0935753992504,-0.0158076752333,True
24,4,0.188216823553,True,0.0699234271901,True,-0.0568863240341,-0.0905819549537,-0.0206585277635,True
24,5,0.23242766297,True,0.0704300048089,True,-0.0638184802101,-0.0987940350291,-0.0283640302202,True
24,6,0.000629916094343,True,0.0669825508172,True,-0.0667404584048,-0.0992594376717,-0.0322768868546,True
24,7,0.380966852729,False,0.0665380085275,True,-0.0567986945935,-0.0888087123621,-0.0222707038346,True
24,8,0.00216612277027,True,0.0628042762368,True,-0.0597938383801,-0.0902506225246,-0.0274463462878,True
24,9,0.0714744319805,True,0.0606134465215,True,-0.0577483455269,-0.0891289961801,-0.0285155496586,True
24,10,0.541045237626,False,0.0601251078957,True,-0.0519410138686,-0.0811360156808,-0.0210109077851,True
24,11,0.368258019188,False,0.0592260609591,True,-0.053734593975,-0.0832816089287,-0.0240555479695,True
24,12,0.604494146653,False,0.0612028002691,True,-0.0492829198225,-0.0803693945264,-0.0191665942573,True
24,13,0.368878763862,False,0.0583522877343,True,-0.0509284136471,-0.0793830813778,-0.0210307936435,True
24,14,0.283781304642,True,0.0596258021751,True,-0.0479543515731,-0.0796815441498,-0.0200557419748,True
24,15,0.275923565042,True,0.0595877660831,True,-0.0519138983035,-0.0851168877834,-0.0255291217003,True
24,16,0.73403595395,False,0.0552009410086,True,-0.0447521239119,-0.0735929522366,-0.018392011228,True
24,17,0.65432996519,False,0.0559011180779,True,-0.0446233030231,-0.0716940717658,-0.0157929536879,True
24,18,1.05210485969,False,0.0551516906259,True,-0.0428795689536,-0.0706066682304,-0.0154549776045,True
24,19,1.45155010004,False,0.0554610319811,True,-0.041514382119,-0.0690160563857,-0.0135550244046,True
25,0,15.766995175,True,0.138881223872,False,-0.0436402769413,-0.11359548459,0.0252857392821,False
25,1,21.9607325337,True,0.102838296734,False,-0.0330474873185,-0.0835798976218,0.0192583991122,False
25,2,48.7215352231,True,0.0866020135908,False,-0.0111072614413,-0.0540352272683,0.0325667863225,False
25,3,19.839595208,True,0.0814558056979,False,-0.0310588425381,-0.0720873476945,0.00936845800334,False
25,4,18.798174951,True,0.072052480389,True,-0.029576233548,-0.0647215230765,0.00733095731257,False
25,5,20.3748594579,True,0.0682821210335,True,-0.028741448467,-0.0634045139798,0.00487760705371,False
25,6,11.1977351061,True,0.0655592732309,True,-0.0334549965883,-0.0674264718777,-0.00186719864675,True
25,7,3.6029380534,True,0.065345073455,True,-0.0426416150261,-0.0742537384687,-0.00890866501373,True
25,8,0.741513181903,False,0.0627745828962,True,-0.0526325258569,-0.0841829393624,-0.0214083564663,True
25,9,0.00513155391392,True,0.060544678752,True,-0.057205082006,-0.0884262969731,-0.0278816182211,True
25,10,0.0095740956205,True,0.0612478094193,True,-0.0605009775078,-0.090966943549,-0.0297191341297,True
25,11,0.0271397032259,True,0.0593903174606,True,-0.0591507325708,-0.0888201483243,-0.0294298308637,True
25,12,0.0405741707453,True,0.0576936713737,True,-0.0537005776531,-0.0822246389789,-0.0245309676053,True
25,13,0.490762784755,False,0.0588301306667,True,-0.0518064268901,-0.0807793019305,-0.0219491712637,True
25,14,2.77332283463,False,0.0559243304644,True,-0.0377432897324,-0.0655876846593,-0.00966335419486,True
25,15,2.68694820554,False,0.0551097344881,True,-0.038442687409,-0.066634452228,-0.0115247177399,True
25,16,0.692917992414,False,0.0550280328449,True,-0.0468249051785,-0.0754613941891,-0.0204333613441,True
25,17,0.0587674428792,True,0.0557424200483,True,-0.0568563777317,-0.0843482245563,-0.028605804508,True
25,18,0.0351463223914,True,0.0576239341905,True,-0.0591435082719,-0.0856999837093,-0.0280760495188,True
25,19,6.25954843506e-09,True,0.0558669691063,True,-0.0669602941472,-0.0944471148318,-0.0385801457255,True
26,0,20.4914121391,True,0.141227320727,False,0.0384377442896,-0.0306798370318,0.110547483695,False
26,1,41.1502548924,True,0.106281849557,False,0.00912494280786,-0.0430583370439,0.0632235125128,False
26,2,48.6363565032,True,0.0890901854884,False,-0.00953376577287,-0.0539287408577,0.0351614446307,False
26,3,35.5733831296,True,0.0784990364308,True,-0.0221252892352,-0.0623349925515,0.0161640438792,False
26,4,24.9895066844,True,0.075041734908,True,-0.0268308306367,-0.0624716172387,0.0125701176693,False
26,5,36.62107565,True,0.0704176489488,True,-0.0196364568933,-0.0539094820956,0.0165081668532,False
26,6,37.4003621992,True,0.0686402527466,True,-0.0203351289942,-0.0529911481384,0.0156491046082,False
26,7,58.1481886699,True,0.06350256833,True,-0.0126472405421,-0.04343508329,0.0200674850399,False
26,8,68.3941892889,True,0.0640192640751,True,-0.00900432586045,-0.0406202319853,0.0233990320898,False
26,9,65.4649885244,True,0.06149916903,True,-0.0094907699294,-0.0403715182317,0.0211276507983,False
26,10,51.0586418563,True,0.0616449349633,True,-0.0141067833235,-0.044505100348,0.0171398346154,False
26,11,18.4489350204,True,0.0595827543541,True,-0.0268931119104,-0.0572232680561,0.00235948629801,False
26,12,19.7219239024,True,0.0582154856279,True,-0.0254872438435,-0.0545809644886,0.00363452113925,False
26,13,15.9912270643,True,0.0569461842238,True,-0.0275487261297,-0.0565226255291,0.000423558694678,False
26,14,9.42609196457,True,0.0571962264871,True,-0.0314441065858,-0.0605216159861,-0.00332538949905,True
26,15,7.6840414562,True,0.0566603942252,True,-0.0326986272698,-0.0604200729678,-0.00375967874267,True
26,16,13.0222801651,True,0.057389975311,True,-0.0293913070434,-0.0568741380256,0.000515837285384,False
26,17,11.3093249479,True,0.0567366771659,True,-0.0298826798204,-0.0593938566664,-0.00265717950047,True
26,18,5.50492282886,True,0.0559496738184,True,-0.0345996196255,-0.0616950753352,-0.00574540151681,True
26,19,5.24643628204,True,0.0559213761533,True,-0.0346262805135,-0.0609557948616,-0.00503441870832,True
27,0,28.5335097975,True,0.137509132876,False,0.0245361841246,-0.0424847234841,0.0950244093919,False
27,1,44.669505405,True,0.104512788879,False,0.00633633831417,-0.047296048851,0.057216740028,False
27,2,2.29265307179,False,0.0875126444275,False,-0.0574570571625,-0.0998806749603,-0.0123680305328,True
27,3,4.2664009223,True,0.0804235197326,False,-0.0487234276376,-0.0900154596008,-0.00959193986821,True
27,4,5.9048681866,True,0.0702416514054,True,-0.0404722330281,-0.076312172176,-0.00607052077056,True
27,5,4.80044996308,True,0.0703113235561,True,-0.0428771703532,-0.0779623233345,-0.00765099977842,True
27,6,4.04449504781,True,0.0663987098983,True,-0.0408812995958,-0.0750409699165,-0.00864226001812,True
27,7,3.30767142085,True,0.0630978547235,True,-0.0424358519525,-0.0735334318163,-0.0104355770928,True
27,8,2.23877899517,False,0.0616861919187,True,-0.0417319906603,-0.0726014982544,-0.0109153063356,True
27,9,4.21997735573,True,0.061553348286,True,-0.0392085607693,-0.0692432983443,-0.00768995005826,True
27,10,2.76889909277,False,0.0595740726002,True,-0.0397125139856,-0.0703900855191,-0.0108160129189,True
27,11,0.196182208568,True,0.0596603615111,True,-0.0508993397551,-0.0792617560139,-0.0196013945028,True
27,12,0.20925059461,True,0.0591308656603,True,-0.0541681338601,-0.0834741392279,-0.0243432735676,True
27,13,0.183634975372,True,0.0558454932152,True,-0.050927643979,-0.0806576178394,-0.0248121246242,True
27,14,0.423003013688,False,0.0575970202411,True,-0.0495788807094,-0.0775354490382,-0.0199384287971,True
27,15,0.279734045391,True,0.0566982097974,True,-0.0492402155776,-0.0776314700585,-0.0209332602611,True
27,16,0.0643474899932,True,0.0582747393668,True,-0.0540349184679,-0.0814474028943,-0.0231726635275,True
27,17,0.196092498018,True,0.0577056752374,True,-0.0533000625003,-0.0818223390296,-0.0241166637922,True
27,18,0.17926815522,True,0.0563876425104,True,-0.0508040374081,-0.0799990853343,-0.0236114428239,True
27,19,0.00880241109496,True,0.0545117985633,True,-0.0556990033221,-0.0815554217452,-0.0270436231819,True
28,0,18.4043006133,True,0.140626570501,False,-0.040688088825,-0.111902680756,0.0287238897449,False
28,1,39.3870485684,True,0.107147381389,False,-0.014458972414,-0.0684848003523,0.0386625810367,False
28,2,20.3775621278,True,0.0909063562965,False,-0.0327483084422,-0.0783565626802,0.0125497936164,False
28,3,15.224719596,True,0.0820668356169,False,-0.0350085439421,-0.0767313465621,0.00533548905479,False
28,4,17.4513438922,True,0.0721397232824,True,-0.0299229959526,-0.0640148594461,0.00812486383633,False
28,5,24.6407573978,True,0.0677202524654,True,-0.0264396510602,-0.0603886451601,0.00733160730532,False
28,6,15.5212163557,True,0.0667884534818,True,-0.0296161421815,-0.0637247932358,0.00306366024602,False
28,7,55.6660137396,True,0.0658463442094,True,-0.0134468488415,-0.0455095332056,0.0203368110038,False
28,8,60.8045893491,True,0.0613249638118,True,-0.0107897270487,-0.0417521799953,0.0195727838164,False
28,9,41.7186813416,True,0.0606740730965,True,-0.0176775639677,-0.0484415936342,0.0122324794624,False
28,10,17.2073004076,True,0.0612273314199,True,-0.0275007746083,-0.0585404908164,0.00268684060348,False
28,11,13.9967232792,True,0.0587271397457,True,-0.0292708303328,-0.0595334515426,-0.000806311796957,True
28,12,9.36039804721,True,0.0601914632723,True,-0.0328647849526,-0.0634434665272,-0.00325200325486,True
28,13,0.616956797374,False,0.05604035556,True,-0.0442102900979,-0.0716971127067,-0.0156567571467,True
28,14,0.814540985518,False,0.0563479072615,True,-0.0458423201697,-0.0735283933381,-0.0171804860766,True
28,15,0.226535891081,True,0.0596070738918,True,-0.0534385744468,-0.0822303514394,-0.0226232775475,True
28,16,0.000175283412657,True,0.0575010927814,True,-0.0587945918375,-0.0884198187587,-0.0309187259772,True
28,17,0.0297401988898,True,0.0569583190908,True,-0.0591087758483,-0.087488417866,-0.0305300987752,True
28,18,5.91978803924e-08,True,0.0562122812695,True,-0.0626799022511,-0.0899338865685,-0.033721605299,True
28,19,0.0974979739963,True,0.0551577850047,True,-0.062195482319,-0.0898876320848,-0.03472984708,True
29,0,21.2579274848,True,0.140846946895,False,-0.0357534165914,-0.106535021463,0.0343119254324,False
29,1,8.00964025476,True,0.104019270527,False,-0.0497836395602,-0.10466848413,-0.000649213603042,True
29,2,17.6437271188,True,0.0878620224448,False,-0.0349649909763,-0.0794048439496,0.00845717849517,False
29,3,6.48003231978,True,0.0792870235538,True,-0.0428311202823,-0.0836004205264,-0.00431339697251,True
29,4,5.57303742765,True,0.0738674217387,True,-0.0427156486302,-0.0795112086788,-0.00564378694008,True
29,5,7.7992356095,True,0.0721301526084,True,-0.0400853336017,-0.0777930615804,-0.005662908972,True
29,6,0.75446206498,False,0.0672554068888,True,-0.0501707247152,-0.08446074644,-0.0172053395511,True
29,7,1.53901600286,False,0.063853181368,True,-0.048282140111,-0.0791430934243,-0.0152899120563,True
29,8,1.88993928197,False,0.0643939266343,True,-0.0458083770376,-0.0784443847826,-0.0140504581483,True
29,9,0.663811269849,False,0.0596333155357,True,-0.0524622586555,-0.0822697545511,-0.0226364390154,True
29,10,0.361160590809,False,0.0612016570515,True,-0.0526107367954,-0.0841401981305,-0.022938541079,True
29,11,0.029030282915,True,0.06031562859,True,-0.0561816762609,-0.085231574472,-0.024915945882,True
29,12,0.00107499365821,True,0.0586879463658,True,-0.0629538659612,-0.0923744395496,-0.0336864931838,True
29,13,0.0953114528393,True,0.0593217359783,True,-0.0576753597134,-0.0867144316058,-0.0273926956275,True
29,14,1.1875355516e-05,True,0.0581791877463,True,-0.062073545445,-0.0902271287254,-0.032047940979,True
29,15,3.6319783948e-17,True,0.0593155463016,True,-0.070880021463,-0.100355433583,-0.0410398872814,True
29,16,0.241887055178,True,0.0570469527298,True,-0.0647990447322,-0.0948865910731,-0.0378396383433,True
29,17,0.00296280903229,True,0.0547858514766,True,-0.0589980835159,-0.0867173056072,-0.0319314541306,True
29,18,3.33552828368e-14,True,0.0571197356137,True,-0.0623387261399,-0.0908504597797,-0.033730724166,True
29,19,0.026230174852,True,0.0571591806055,True,-0.057899526072,-0.0867762053182,-0.0296170247127,True
