200,0,0.727798667189,False,0.141924619508,False,-0.103111111443,-0.177273955669,-0.0353493361608,True
200,1,1.04913646616,False,0.100132785805,False,-0.0724864014246,-0.123140024712,-0.0230072389067,True
200,2,0.339053049417,False,0.0901362040976,False,-0.0767064003823,-0.12460349377,-0.034467289672,True
200,3,0.418141831505,False,0.0796866255702,True,-0.0636435026485,-0.104397469369,-0.0247108437983,True
200,4,0.10182352806,True,0.075298119534,True,-0.0716442374717,-0.109115320899,-0.0338172013645,True
200,5,0.545447965859,False,0.0705613016164,True,-0.0611636288632,-0.0975017440683,-0.0269404424519,True
200,6,0.0251308223366,True,0.068420014728,True,-0.0702390805902,-0.103002368254,-0.0345823535263,True
200,7,8.18890967051e-05,True,0.067061112387,True,-0.0713697481329,-0.103678329134,-0.0366172167467,True
200,8,7.14924489003e-15,True,0.062304670944,True,-0.0734277804083,-0.105781762663,-0.0434770917186,True
200,9,9.89717501519e-12,True,0.0586315097531,True,-0.0757191700027,-0.105119328316,-0.0464878185626,True
200,10,1.80385381601e-05,True,0.0611929159584,True,-0.0637346393961,-0.095897447655,-0.0347045316966,True
200,11,0.0863369630144,True,0.0596069384095,True,-0.064470191319,-0.0951605383374,-0.035553599928,True
200,12,0.000749588229553,True,0.0572368812186,True,-0.0593597153114,-0.0871503410908,-0.0299134598723,True
200,13,0.00258972411343,True,0.0590677211244,True,-0.0610277680013,-0.0911487312414,-0.032081010117,True
200,14,5.25240357792e-05,True,0.0558984361562,True,-0.0649002884165,-0.0929915739545,-0.0370931377983,True
200,15,7.08381746389e-10,True,0.0568878890933,True,-0.0664293729219,-0.0965713894025,-0.0396835003092,True
200,16,1.88536050834e-13,True,0.0578007650245,True,-0.0688342964167,-0.0973455651478,-0.0395448001233,True
200,17,1.10171056341e-11,True,0.0568647606412,True,-0.0723516770633,-0.0997770080693,-0.0429122474281,True
200,18,1.72618056015e-17,True,0.055863754836,True,-0.0739748027831,-0.101097249583,-0.0452334947468,True
200,19,1.0431909593e-30,True,0.056485744293,True,-0.0809098705704,-0.108205564215,-0.0517198199225,True
201,0,4.83090837812,True,0.141987779308,False,-0.0735187819523,-0.145707517243,-0.00371973793497,True
201,1,1.37139522828,False,0.106158917995,False,-0.0744571554163,-0.126435706625,-0.0202767886299,True
201,2,0.634728852521,False,0.0897058517907,False,-0.0683277639936,-0.113302123962,-0.0235962721714,True
201,3,0.108701736428,True,0.0810363392964,False,-0.0714956692493,-0.110091954192,-0.0290556148956,True
201,4,0.121431927629,True,0.0737907330136,True,-0.0704719448309,-0.106354870545,-0.0325641375311,True
201,5,0.000329872456346,True,0.0722633379558,True,-0.0719452726273,-0.109087461394,-0.0368241234382,True
201,6,0.134561828095,True,0.0685637322889,True,-0.0702312555244,-0.10513640227,-0.0365726699813,True
201,7,6.15227150646e-05,True,0.0654492481445,True,-0.0701975411253,-0.101815661139,-0.0363664129943,True
201,8,1.31176201479e-06,True,0.0623488641363,True,-0.0758373616125,-0.107218334798,-0.0448694706619,True
201,9,5.05085157742e-12,True,0.0616889969026,True,-0.0744562749222,-0.104166364752,-0.0424773678494,True
201,10,1.56570324611e-09,True,0.0622613169715,True,-0.0720699054252,-0.102358131426,-0.0400968144545,True
201,11,9.56366231629e-14,True,0.0589073835208,True,-0.0734981013815,-0.10241300397,-0.0435056204489,True
201,12,2.85419772696e-05,True,0.0597852778872,True,-0.0683595600312,-0.0978685495005,-0.0380832716132,True
201,13,0.00705660978879,True,0.0582993022214,True,-0.0649181827169,-0.093746528323,-0.0354472261016,True
201,14,0.0804266973107,True,0.0579978858894,True,-0.0549549090209,-0.0843836943975,-0.026385808508,True
201,15,0.226673865533,True,0.0576157600876,True,-0.0552329604897,-0.0846040456213,-0.0269882855336,True
201,16,0.00628956157879,True,0.0578837176159,True,-0.0558181760958,-0.0852305598612,-0.0273468422452,True
201,17,0.0971835450563,True,0.057126689502,True,-0.0533404059867,-0.0805324677722,-0.0234057782703,True
201,18,0.0232997367835,True,0.0569989831315,True,-0.0603149365132,-0.0885440319255,-0.031545048794,True
201,19,0.0126514640341,True,0.0580483025248,True,-0.0658950791173,-0.0941122931373,-0.0360639906125,True
202,0,4.50296260879,True,0.146758654861,False,-0.077435760512,-0.147084032515,-0.000325377654658,True
202,1,3.62939495044,True,0.104452314363,False,-0.0619135037959,-0.114573658363,-0.010121344,True
202,2,2.36199156623,False,0.0898227402613,False,-0.0582258478715,-0.103530978434,-0.0137082381728,True
202,3,1.04309030334,False,0.0797331122907,True,-0.0618868584103,-0.104407920114,-0.024674807823,True
202,4,0.100642174811,True,0.0728139185372,True,-0.0601174894286,-0.0963841443751,-0.023570225838,True
202,5,1.21250437426,False,0.0689146745973,True,-0.0527903735885,-0.0882210755922,-0.0193064009949,True
202,6,6.16476310362,True,0.0690606991452,True,-0.0395558601845,-0.0752159194455,-0.00615522030026,True
202,7,2.89080418771,False,0.0661306011437,True,-0.0427090892603,-0.0757276001518,-0.00959699900807,True
202,8,0.742678427074,False,0.0652160900351,True,-0.0494131711894,-0.0809573205917,-0.0157412305566,True
202,9,1.48144117328,False,0.0606501113981,True,-0.0492666594815,-0.0791781495207,-0.0185280381226,True
202,10,0.0289025446963,True,0.0599690526468,True,-0.0555525331003,-0.0843655737409,-0.0243965210941,True
202,11,0.558878522122,False,0.0591383385475,True,-0.0491573626896,-0.0790145548706,-0.0198762163231,True
202,12,0.508424894133,False,0.0587993673702,True,-0.0512995779467,-0.0805469602879,-0.0217475929177,True
202,13,0.119652005122,True,0.0584228334405,True,-0.0533011620335,-0.0816333275352,-0.0232104940946,True
202,14,0.0441998466333,True,0.0577776209549,True,-0.0521656654743,-0.0808175151474,-0.0230398941925,True
202,15,0.0417217556624,True,0.0557232848277,True,-0.0506438872651,-0.0766195526713,-0.0208962678436,True
202,16,0.186911377031,True,0.057345848841,True,-0.0512660951749,-0.0792188173775,-0.0218729685365,True
202,17,0.392623500834,False,0.0559445347987,True,-0.0500548260634,-0.0789388542905,-0.0229943194918,True
202,18,0.0399117630836,True,0.0557113841011,True,-0.0486228850458,-0.077455128029,-0.0217437439279,True
202,19,0.235294678887,True,0.0557715100175,True,-0.0581225579604,-0.086201844061,-0.0304303340435,True
203,0,4.27860428049,True,0.1401771723,False,-0.0758793914067,-0.143899772836,-0.00372260053601,True
203,1,11.4405628422,True,0.105176166383,False,-0.0442534309305,-0.0964934462872,0.00868272009553,False
203,2,16.0633117318,True,0.0889379640314,False,-0.0377170383558,-0.0815457764274,0.007392187604,False
203,3,5.92266926245,True,0.0789219592406,True,-0.0448582229557,-0.0842191858535,-0.00529722661289,True
203,4,3.00969109816,True,0.0755019934955,True,-0.0495319657647,-0.087225415828,-0.0117234223325,True
203,5,1.09916600151,False,0.0714342807555,True,-0.0509468393977,-0.0867464694703,-0.0153121887148,True
203,6,0.136095498087,True,0.0673584916042,True,-0.0569839458528,-0.089277858429,-0.0219193668248,True
203,7,0.297509098346,True,0.0646672315307,True,-0.0585503115519,-0.0919953852951,-0.0273281537644,True
203,8,0.05444861451,True,0.0642422404815,True,-0.0579004812327,-0.0883330157718,-0.0240907752903,True
203,9,0.165950747098,True,0.0609822942791,True,-0.0586406096946,-0.0881088431637,-0.0271265488846,True
203,10,0.0836336381948,True,0.0600733702174,True,-0.0611931908092,-0.0929536540705,-0.0328802838532,True
203,11,0.0252176046797,True,0.0580710152501,True,-0.0620600925474,-0.0917538576085,-0.0336828423584,True
203,12,0.00470678692557,True,0.0586473699673,True,-0.0662280690064,-0.0938587132215,-0.0352113432543,True
203,13,2.44894446608e-07,True,0.05872976806,True,-0.0648609919804,-0.0943116704323,-0.0355819023723,True
203,14,1.35419918382e-08,True,0.0550297349133,True,-0.064988173155,-0.0912512922893,-0.036221557376,True
203,15,5.21473521067e-05,True,0.0554905386364,True,-0.0720227247078,-0.100778632279,-0.0452880936424,True
203,16,9.65681496796e-15,True,0.0556983605043,True,-0.0699773890106,-0.0980303270302,-0.0423319665259,True
203,17,8.79540001986e-13,True,0.0581294634956,True,-0.0761035967722,-0.10496205872,-0.0468325952249,True
203,18,2.45650141641e-17,True,0.0566425620259,True,-0.072748950935,-0.100834452267,-0.0441918902408,True
203,19,1.74176833997e-17,True,0.0566670860718,True,-0.0760597179629,-0.106147091702,-0.0494800056307,True
204,0,19.1999824388,True,0.140755738385,False,-0.0403863854578,-0.113320731807,0.0274350065778,False
204,1,30.8178649869,True,0.104619587092,False,-0.0252482853459,-0.0752700219199,0.0293495651723,False
204,2,23.38711223,True,0.0892182234503,False,-0.0315530425039,-0.0755426211738,0.0136756022765,False
204,3,5.8649620625,True,0.0798416693305,True,-0.0446583041189,-0.0827212999548,-0.00287963062426,True
204,4,0.469721739565,False,0.0734039739002,True,-0.0609885103569,-0.0963377778911,-0.0229338039909,True
204,5,0.605294550224,False,0.0693015652466,True,-0.0593825984104,-0.0945552380051,-0.0252536727585,True
204,6,0.150595212993,True,0.0657822545623,True,-0.0595002759967,-0.0937314622968,-0.0279492077345,True
204,7,0.226411287297,True,0.0630060368877,True,-0.0605328383286,-0.0922787679244,-0.0292727310367,True
204,8,0.286484828331,True,0.0624460432707,True,-0.0613113439176,-0.0918757072883,-0.0294296640176,True
204,9,0.00220068763221,True,0.0607519390541,True,-0.0695711598637,-0.100283981383,-0.0395320423285,True
204,10,8.33166837695e-09,True,0.0627874900891,True,-0.0748694994925,-0.104367306356,-0.0415798162671,True
204,11,3.51999989482e-24,True,0.0610596972128,True,-0.0776891819854,-0.108045989807,-0.0469862925947,True
204,12,5.27323707532e-09,True,0.0598582399707,True,-0.0716298377426,-0.101154714852,-0.0412964748811,True
204,13,1.11134767489e-19,True,0.0585796351647,True,-0.072553466952,-0.10153936274,-0.0429597275754,True
204,14,3.7749921645e-19,True,0.0560822811647,True,-0.0757104191918,-0.105122641261,-0.0490403600967,True
204,15,3.19312853298e-29,True,0.0564386594244,True,-0.0768835720968,-0.105307634111,-0.0488689746867,True
204,16,8.48818134081e-31,True,0.056844498222,True,-0.0840330530673,-0.112025619584,-0.0551811213618,True
204,17,1.53464984346e-55,True,0.0567136085165,True,-0.0873187072104,-0.11565046754,-0.0589368590232,True
204,18,1.86548544644e-30,True,0.0580927110672,True,-0.0894810253274,-0.121092399179,-0.0629996881119,True
204,19,5.51430298358e-18,True,0.055919700944,True,-0.0842643298204,-0.111324270607,-0.055404569663,True
205,0,1.69444676394,False,0.140575003777,False,-0.0900533125991,-0.165743935366,-0.025168931589,True
205,1,3.39736311031,True,0.100370122484,False,-0.062514843186,-0.112092042772,-0.0117219202881,True
205,2,0.960448088219,False,0.088527855569,False,-0.0672136829371,-0.112326304046,-0.0237984484772,True
205,3,5.88824092017,True,0.0780847029178,True,-0.0455496718137,-0.0830854306399,-0.00500072772204,True
205,4,0.309611615699,True,0.0702391984707,True,-0.0565350216786,-0.0918894807458,-0.0216502822751,True
205,5,0.167233226795,True,0.0701458900355,True,-0.060153145925,-0.0936327569227,-0.0234868668873,True
205,6,0.130881638169,True,0.0666392626026,True,-0.0636088683356,-0.0997769813463,-0.0331377187437,True
205,7,1.94482521898e-05,True,0.0638786693177,True,-0.0679253513494,-0.0982035038919,-0.0343248345742,True
205,8,0.18517230318,True,0.0630846623842,True,-0.0617147370438,-0.0925961437437,-0.0295114813595,True
205,9,0.22446041375,True,0.0633388559787,True,-0.0609763858801,-0.0927120206664,-0.0293731646877,True
205,10,0.106068853249,True,0.0609282726302,True,-0.0579389951809,-0.0894615081626,-0.0285332355323,True
205,11,0.000202084726837,True,0.0597939105728,True,-0.0630591333894,-0.0948745266867,-0.0350806161139,True
205,12,0.00496391940744,True,0.0579280463259,True,-0.0544834384054,-0.0858647849678,-0.0279367386419,True
205,13,0.471599756374,False,0.0558538461961,True,-0.0493513777927,-0.0767555256875,-0.0209016794915,True
205,14,0.552651634289,False,0.0581728926406,True,-0.04834325943,-0.0777641845847,-0.0195912919441,True
205,15,0.293686985516,True,0.0582162679215,True,-0.0493844359715,-0.0771754999169,-0.0189592319954,True
205,16,0.0404278935462,True,0.0580533980339,True,-0.0579112920602,-0.0872670580605,-0.0292136600266,True
205,17,5.28155258357e-14,True,0.0555128026005,True,-0.0686952354946,-0.0966905378569,-0.0411777352565,True
205,18,4.64815639775e-14,True,0.0562268935052,True,-0.0680793336406,-0.0961774983753,-0.0399506048701,True
205,19,2.60188976066e-13,True,0.0558255625401,True,-0.0703473854099,-0.0984269587945,-0.0426013962544,True
206,0,29.2844895277,True,0.143188781141,False,-0.0219868657295,-0.0971877825254,0.0460009986154,False
206,1,44.7124923077,True,0.103392295529,False,-0.00425232529537,-0.0530233643092,0.0503689312195,False
206,2,10.2833465518,True,0.0885423653789,False,-0.0421952410826,-0.0863583183958,0.00218404698304,False
206,3,17.9515009993,True,0.079803657751,True,-0.0317662180352,-0.07056350786,0.00924014989098,False
206,4,3.75736750329,True,0.0728964685362,True,-0.0452462747173,-0.0810836210181,-0.00818715248188,True
206,5,6.9614523757,True,0.0702803503502,True,-0.0395577200401,-0.0765585412252,-0.00627819087498,True
206,6,2.44706970594,False,0.0663330999366,True,-0.0443554419684,-0.0762512785781,-0.00991817864154,True
206,7,0.482163039118,False,0.0662472857793,True,-0.0534287878187,-0.0874586262636,-0.0212113404843,True
206,8,1.90427741431,False,0.062615347869,True,-0.044428483601,-0.0771534267631,-0.0145380788941,True
206,9,1.16080362843,False,0.0613465295643,True,-0.0463597656761,-0.0781048074311,-0.0167582778668,True
206,10,0.933553827934,False,0.0590619409307,True,-0.0477510019049,-0.0770465354517,-0.017984594521,True
206,11,0.000172198024567,True,0.0584033992786,True,-0.0598825008978,-0.0888058714745,-0.0304024721959,True
206,12,0.0929278527633,True,0.0575078659465,True,-0.0589586503888,-0.0882403168006,-0.0307324508541,True
206,13,0.192817825902,True,0.0566353083886,True,-0.0520167283241,-0.0811479474468,-0.0245126390582,True
206,14,0.545471736303,False,0.0565956582466,True,-0.0484469334887,-0.0756710111925,-0.0190753529459,True
206,15,0.0580897829339,True,0.0578288989607,True,-0.0508613608674,-0.0780942532997,-0.020265354339,True
206,16,0.0614105368531,True,0.0577140425997,True,-0.0594371496419,-0.0880620319923,-0.0303479893926,True
206,17,4.95270951432e-05,True,0.0574793368265,True,-0.0585282180828,-0.0854448019851,-0.0279654651586,True
206,18,3.02429038867e-05,True,0.0565258410881,True,-0.0619676378855,-0.0896502918748,-0.0331244507867,True
206,19,0.0020632492107,True,0.0580181039556,True,-0.0579852099913,-0.0861410524053,-0.0281229484497,True
207,0,2.37306469901,False,0.142457672455,False,-0.0872030314847,-0.158274211353,-0.0158165388986,True
207,1,0.931111330472,False,0.103553794878,False,-0.0749693072985,-0.127219352762,-0.023665557884,True
207,2,0.127060975963,True,0.0902850751986,False,-0.0817766431913,-0.124077144191,-0.033792068992,True
207,3,0.0225599305204,True,0.0802741770852,False,-0.0784357721158,-0.118571880015,-0.0382977029294,True
207,4,0.520852637413,False,0.0707806355636,True,-0.0572997428218,-0.0942206039044,-0.0234399683408,True
207,5,0.186140277226,True,0.0717581368004,True,-0.0647453063037,-0.101199469519,-0.0294413327185,True
207,6,0.0652264558458,True,0.0674196728242,True,-0.0673532723281,-0.0988320868892,-0.0314124140651,True
207,7,0.0239563854179,True,0.0658474755918,True,-0.0654798581368,-0.0978637171369,-0.0320162415451,True
207,8,0.0165758761476,True,0.0615467300211,True,-0.0646614529803,-0.0954825594431,-0.033935829422,True
207,9,0.0230996668562,True,0.0623579856815,True,-0.0650654350846,-0.0952777410201,-0.0329197553386,True
207,10,0.0734207455099,True,0.0610488775076,True,-0.067852003867,-0.0982357876946,-0.037186910187,True
207,11,1.75674608578e-07,True,0.0595643651365,True,-0.0625852872779,-0.0913652282487,-0.0318008631122,True
207,12,7.75950318639e-08,True,0.0607031324312,True,-0.0684512440276,-0.0989116625072,-0.038208530076,True
207,13,0.000119709730202,True,0.0567974634319,True,-0.062393083088,-0.0915083287712,-0.0347108653392,True
207,14,0.00622366056277,True,0.0581174593085,True,-0.0595777595801,-0.0881993875524,-0.0300819282439,True
207,15,0.00918131073604,True,0.0575745685369,True,-0.0577041818473,-0.0872990783745,-0.0297245098376,True
207,16,0.000111613342671,True,0.0564632154029,True,-0.0603087417773,-0.0869559328407,-0.0304927174378,True
207,17,0.000143767549206,True,0.0527707956089,True,-0.0618185039042,-0.088419863925,-0.0356490683161,True
207,18,4.59753905865e-08,True,0.0568441306662,True,-0.067302468134,-0.0945011204502,-0.0376569897841,True
207,19,0.0263966253578,True,0.0568651066829,True,-0.0617916532809,-0.0899566646954,-0.0330915580126,True
208,0,9.11202458929,True,0.147210798507,False,-0.0607387939294,-0.132903952056,0.0143068464509,False
208,1,3.60475713171,True,0.103245606921,False,-0.0616917256015,-0.110704730016,-0.00745912309488,True
208,2,1.18610337087,False,0.0866872389404,False,-0.0624884879423,-0.101828432677,-0.0151411937369,True
208,3,0.0236975977181,True,0.0801259897489,False,-0.0765142395074,-0.115209853226,-0.0350838634767,True
208,4,0.0500279149345,True,0.0739573520722,True,-0.069923125533,-0.105433417455,-0.0314760653832,True
208,5,0.231335639825,True,0.0686957053201,True,-0.0563829846184,-0.0898313679589,-0.0211356626388,True
208,6,0.114073202138,True,0.066857752053,True,-0.0663652333121,-0.101707668045,-0.0348499159922,True
208,7,0.406348192951,False,0.0642659013847,True,-0.0591008521368,-0.0911126527163,-0.0268467513316,True
208,8,0.191957345774,True,0.0641142701999,True,-0.0525667301379,-0.0838751440791,-0.0197608738792,True
208,9,0.367474107955,False,0.0643467594934,True,-0.0536985478317,-0.0881444944767,-0.0237977349834,True
208,10,1.13039665226,False,0.0581890035521,True,-0.0439861602568,-0.0725860470188,-0.0143970434667,True
208,11,0.285574974118,True,0.0577463610353,True,-0.0492519731727,-0.0786880643645,-0.0209417033291,True
208,12,0.00465887895208,True,0.0588673137556,True,-0.0552329457837,-0.0833890336459,-0.0245217198903,True
208,13,0.351260274145,False,0.0613026276054,True,-0.0538670663784,-0.0841785547783,-0.0228759271729,True
208,14,1.21360868521e-06,True,0.0573105005746,True,-0.0644019483268,-0.0928782481097,-0.0355677475351,True
208,15,9.21169556552e-07,True,0.0574100695335,True,-0.0612983078624,-0.0882853257048,-0.0308752561712,True
208,16,2.62504153005e-06,True,0.0565681429397,True,-0.0603325633539,-0.0898218689686,-0.0332537260289,True
208,17,0.163411737286,True,0.0583494945625,True,-0.0610461503086,-0.0902388165376,-0.0318893219751,True
208,18,0.0117175326822,True,0.0563542308431,True,-0.0624765618894,-0.0905946585011,-0.034240427658,True
208,19,6.41214731199e-07,True,0.0553461038913,True,-0.0656012586236,-0.0928867708573,-0.037540666966,True
209,0,31.8726683314,True,0.143349469579,False,-0.0144399609509,-0.0873716924849,0.0559777770945,False
209,1,6.86849935135,True,0.107255121871,False,-0.0544673893417,-0.107775898192,-0.000520776321042,True
209,2,23.1976413188,True,0.0880215336636,False,-0.0304569451934,-0.0759632528027,0.0120582808609,False
209,3,11.3216776241,True,0.0802172426416,False,-0.0374080996945,-0.0791992765872,0.00101796605446,False
209,4,26.306885044,True,0.0741830047975,True,-0.0266693965904,-0.063371275819,0.0108117289785,False
209,5,9.04155390807,True,0.0715540955252,True,-0.0360376766896,-0.0717059423682,-0.000151846842996,True
209,6,7.90131685434,True,0.0676880453535,True,-0.0362723991862,-0.0721702698025,-0.00448222444896,True
209,7,5.17406859059,True,0.0629365794077,True,-0.0379071984508,-0.0705105413007,-0.007573961893,True
209,8,2.77177055329,False,0.062321832698,True,-0.0428862142066,-0.0756927401061,-0.0133709074081,True
209,9,1.04606201109,False,0.0626203804905,True,-0.0480983253595,-0.078155504574,-0.0155351240834,True
209,10,0.360184282449,False,0.0600017395817,True,-0.0506040101703,-0.0799002758194,-0.0198985362377,True
209,11,1.63880508571,False,0.0618390497357,True,-0.0451264184728,-0.076446701348,-0.0146076516123,True
209,12,3.48574165436e-05,True,0.0577134357854,True,-0.0538158736296,-0.0833901166719,-0.0256766808865,True
209,13,0.31146724435,True,0.0599717180212,True,-0.0520299426806,-0.081765157293,-0.0217934392718,True
209,14,0.737697139507,False,0.0565799192125,True,-0.0465737390162,-0.0745546055569,-0.0179746863444,True
209,15,0.500136684968,False,0.0560555841015,True,-0.0478100872703,-0.0739364734342,-0.0178808893327,True
209,16,0.364673322738,False,0.0565292297346,True,-0.0490882337951,-0.0774274028044,-0.0208981730698,True
209,17,0.469133844462,False,0.0585064312952,True,-0.0503953083512,-0.0805485313151,-0.0220421000199,True
209,18,0.267968356646,True,0.0554773183427,True,-0.0508025542555,-0.0762373386559,-0.0207600203132,True
209,19,0.0421688682939,True,0.055669810229,True,-0.053376471329,-0.0825665705426,-0.0268967603136,True
210,0,8.7439335126,True,0.143387343053,False,-0.059850625136,-0.126838422015,0.0165489210375,False
210,1,25.8451454213,True,0.106730756935,False,-0.0300047942196,-0.0831273229099,0.0236034340251,False
210,2,9.1260960006,True,0.0879989901259,False,-0.0440274621614,-0.089485785365,-0.00148679523908,True
210,3,7.44158977977,True,0.0840864843901,False,-0.0436020032835,-0.0865741393987,-0.00248765500855,True
210,4,8.35415623471,True,0.0760951429859,True,-0.0392072977639,-0.0770692891461,-0.000974146160173,True
210,5,31.0330303414,True,0.0721094724393,True,-0.0234655498496,-0.0604781383978,0.0116313340415,False
210,6,49.3383357901,True,0.0676378948693,True,-0.0149757815684,-0.0486216396734,0.0190162551959,False
210,7,50.750147366,True,0.0662260134189,True,-0.0131399265525,-0.045123678011,0.0211023354079,False
210,8,35.7557375109,True,0.0639266989701,True,-0.0204542873634,-0.0542128516175,0.00971384735263,False
210,9,43.5855775708,True,0.0597781485136,True,-0.0176614835092,-0.0461003314219,0.0136778170918,False
210,10,9.9412617399,True,0.0598285998155,True,-0.0317704640255,-0.0608413156856,-0.00101271587015,True
210,11,7.10783625166,True,0.0598823208915,True,-0.0339269300126,-0.0637715766697,-0.0038892557782,True
210,12,8.97583267696,True,0.0610538330783,True,-0.0330543566368,-0.0630686967305,-0.00201486365226,True
210,13,3.31550941816,True,0.0586964181824,True,-0.0402556897505,-0.0711176513602,-0.0124212331778,True
210,14,0.729169310581,False,0.0592586952143,True,-0.0459454725318,-0.0729798973235,-0.0137212021092,True
210,15,1.96832282252,False,0.0566486986739,True,-0.0402437308272,-0.0681556676522,-0.0115069689784,True
210,16,2.569336688,False,0.0565309048905,True,-0.0383744722931,-0.067142905822,-0.0106120009315,True
210,17,2.01766931531,False,0.0563545262105,True,-0.0413050192774,-0.0696925910844,-0.0133380648739,True
210,18,5.27720162704,True,0.0556385519339,True,-0.0342072404317,-0.062552690191,-0.00691413825712,True
210,19,3.68618473671,True,0.0563967267083,True,-0.0382711869958,-0.0674333406738,-0.0110366139656,True
211,0,20.3348874988,True,0.145990352866,False,-0.037812859183,-0.11020345675,0.0357868961158,False
211,1,5.80993585733,True,0.110439305045,False,-0.0573672235385,-0.112148569545,-0.00170926450011,True
211,2,43.4985488315,True,0.0894663797011,False,-0.0142497076846,-0.0584677952394,0.0309985844617,False
211,3,30.9483105333,True,0.077240598521,True,-0.025253665759,-0.064716067758,0.012524530763,False
211,4,7.05099387387,True,0.074277785219,True,-0.0421223496406,-0.0783426502754,-0.00406486505637,True
211,5,3.00478671599,True,0.0685462143672,True,-0.0453173945063,-0.0797770052391,-0.0112307908719,True
211,6,4.28603856803,True,0.0641660762057,True,-0.0394271268078,-0.0721578502044,-0.00799177399878,True
211,7,5.93308641726,True,0.0670483628907,True,-0.0389126921771,-0.073458233437,-0.0064098705463,True
211,8,11.1746351319,True,0.0638460088786,True,-0.0326763774737,-0.0620931033524,0.00175290552622,False
211,9,7.40241010059,True,0.0610798735002,True,-0.0343642285344,-0.0639213488328,-0.00284147533259,True
211,10,4.11187251526,True,0.0590995819553,True,-0.0375611668029,-0.0668306832728,-0.00773110131745,True
211,11,1.98975978055,False,0.0603198272957,True,-0.0430825639346,-0.074389865423,-0.0140700381273,True
211,12,3.75450011581,True,0.0600462787086,True,-0.0376957351583,-0.0666664576813,-0.0066201789727,True
211,13,2.84427731634,False,0.0586304074856,True,-0.0402148209556,-0.0690349052718,-0.0104044977861,True
211,14,4.75597855547,True,0.0557015895291,True,-0.0352222324526,-0.0627440554005,-0.00704246587141,True
211,15,2.73384763954,False,0.0554040747818,True,-0.0371698879664,-0.0642248167671,-0.00882074198531,True
211,16,2.25490024855,False,0.0564921902398,True,-0.038829282678,-0.0660481979422,-0.00955600770245,True
211,17,5.21533942191,True,0.0574861526104,True,-0.0349640220918,-0.0654871280925,-0.00800097548215,True
211,18,3.69567044677,True,0.0559667000708,True,-0.0374094375428,-0.0677472952772,-0.0117805952064,True
211,19,0.64720345949,False,0.053272569,True,-0.0436415438493,-0.0718129409327,-0.0185403719326,True
212,0,14.9938767615,True,0.141261769054,False,-0.045990155412,-0.114034804477,0.0272269645774,False
212,1,13.554351926,True,0.103752200207,False,-0.0423481793749,-0.0940312293527,0.00972097085452,False
212,2,2.76703517532,False,0.0882502322171,False,-0.0555954021454,-0.100717703239,-0.0124674710221,True
212,3,13.1535928664,True,0.0756652617877,True,-0.0347889629671,-0.0735817522534,0.00208350953433,False
212,4,8.18383227838,True,0.0728663737002,True,-0.0398515409389,-0.0786480974033,-0.00578172370318,True
212,5,5.95160736201,True,0.0718662945929,True,-0.0404362973096,-0.0769350316478,-0.0050687370549,True
212,6,0.485746322401,False,0.0664148464906,True,-0.0559655474719,-0.0876488081135,-0.0212339616229,True
212,7,0.0058473069287,True,0.0635778045203,True,-0.0645829822619,-0.099496183456,-0.0359183789357,True
212,8,0.000435689907802,True,0.0624219064552,True,-0.066621919112,-0.0981411528912,-0.035719246436,True
212,9,3.47774302699e-07,True,0.0609091258671,True,-0.0712459776416,-0.101349960145,-0.0404408342777,True
212,10,0.0967731748405,True,0.0596916920401,True,-0.0598503632422,-0.0885552603296,-0.0288635682896,True
212,11,0.146742605318,True,0.0606498684006,True,-0.0574148266056,-0.0878349966425,-0.0271851282419,True
212,12,6.12536221842e-07,True,0.057456764503,True,-0.0709123780579,-0.0990977415325,-0.0416409770295,True
212,13,1.56677284698e-13,True,0.0582787820255,True,-0.067767213395,-0.0960656602898,-0.0377868782643,True
212,14,1.15837877851e-05,True,0.059110066922,True,-0.0768828068953,-0.105845068069,-0.0467350011473,True
212,15,1.42882783319e-20,True,0.0558462157983,True,-0.0726591690038,-0.100374844831,-0.0445286290331,True
212,16,4.24553692394e-12,True,0.0573063117664,True,-0.0685045019602,-0.0972689226673,-0.0399626109009,True
212,17,9.16400629681e-13,True,0.0575445820554,True,-0.0680095622635,-0.0973127284325,-0.0397681463771,True
212,18,7.61475588463e-11,True,0.0562337643572,True,-0.0677747339912,-0.0969214718984,-0.0406877075412,True
212,19,5.12849391348e-10,True,0.0559932051733,True,-0.0671189378409,-0.0944510003057,-0.0384577951323,True
213,0,14.2756064898,True,0.144050572779,False,0.0497766857143,-0.0214015194995,0.12264905328,False
213,1,43.1708469225,True,0.102026758452,False,-0.00715167133081,-0.0586530396918,0.0433737187599,False
213,2,44.6373583972,True,0.0888390193278,False,-0.0142092367899,-0.0586628103576,0.0301762089702,False
213,3,50.8309270814,True,0.0774788326673,True,-0.0128800595463,-0.0508251435215,0.0266536891457,False
213,4,58.1640241193,True,0.0740592246102,True,-0.00880677363903,-0.0457762532483,0.0282829713619,False
213,5,60.7785583762,True,0.0700032553678,True,-0.00815292762176,-0.0439409800766,0.0260622752913,False
213,6,65.0425350422,True,0.068296823281,True,-0.0079037635881,-0.0430210874118,0.0252757358692,False
213,7,64.6614898661,True,0.0644251747766,True,-0.00935639711273,-0.0420969896663,0.0223281851104,False
213,8,43.0392378354,True,0.0644214156239,True,-0.0179479194451,-0.0509255117902,0.0134959038337,False
213,9,17.187366378,True,0.0610657423104,True,-0.0267030787215,-0.0592249885056,0.00184075380486,False
213,10,5.62764960791,True,0.0588608293244,True,-0.0344458262647,-0.0637808976439,-0.0049200683195,True
213,11,4.19456961308,True,0.0583845292901,True,-0.037096283465,-0.0673790205384,-0.00899449124834,True
213,12,0.851002910083,False,0.0583689052103,True,-0.0455331089418,-0.0743433832364,-0.0159744780261,True
213,13,0.247720905485,True,0.0582080515352,True,-0.0490530863115,-0.0796939295973,-0.0214858780621,True
213,14,0.00635622267257,True,0.05658322424,True,-0.0545231375326,-0.0818652733722,-0.0252820491322,True
213,15,0.263398576559,True,0.0590132680395,True,-0.0582637850786,-0.0875682314341,-0.0285549633945,True
213,16,0.00921353536546,True,0.0573721542834,True,-0.0638383869991,-0.0934350211677,-0.0360628668843,True
213,17,0.00162699577438,True,0.0579231778383,True,-0.0596238154432,-0.0886829661299,-0.0307597882917,True
213,18,0.0622054885628,True,0.0570978898545,True,-0.0569992272819,-0.0866004351788,-0.0295025453243,True
213,19,0.118477579415,True,0.0583200530278,True,-0.0512093231256,-0.0798795603084,-0.0215595072807,True
214,0,14.1722182738,True,0.144781414883,False,-0.0485731689993,-0.125130340882,0.0196510740006,False
214,1,7.8133053207,True,0.106839960442,False,-0.0497943077453,-0.107399368768,-0.000559408325683,True
214,2,9.71178955154,True,0.0880416285093,False,-0.0438447566585,-0.0864393445572,0.00160228395214,False
214,3,3.59058609015,True,0.0810357215306,False,-0.0509800925843,-0.092382597272,-0.0113468757414,True
214,4,2.85238428599,False,0.0753517566754,True,-0.0480443155331,-0.0861295364057,-0.0107777797303,True
214,5,0.565045470979,False,0.0703287963416,True,-0.054614738955,-0.0900691745478,-0.0197403782062,True
214,6,0.276073354057,True,0.0694882202616,True,-0.0650492785568,-0.0999368154089,-0.0304485951472,True
214,7,0.079231217725,True,0.0635347882408,True,-0.0597872834608,-0.0917293293684,-0.0281945411276,True
214,8,1.37584208366,False,0.0633192303849,True,-0.0455957310982,-0.0780622297238,-0.0147429993389,True
214,9,1.11064691195,False,0.0625119416967,True,-0.0466315815328,-0.0785183860739,-0.0160064443773,True
214,10,1.08839713902,False,0.060299741422,True,-0.0461397830098,-0.0775136365323,-0.0172138951103,True
214,11,3.66185529749,True,0.0607963650344,True,-0.0395295872318,-0.0708774445195,-0.0100810794851,True
214,12,4.32334310856,True,0.0585552057646,True,-0.0377252066147,-0.0677526100875,-0.00919740432297,True
214,13,1.07569178575,False,0.0588501173568,True,-0.0455204347601,-0.0738165832224,-0.0149664658656,True
214,14,0.278124455073,True,0.0563592512492,True,-0.0496108777843,-0.0764624436494,-0.0201031924002,True
214,15,0.381491635232,False,0.0559341729311,True,-0.0509612022914,-0.0786526043965,-0.0227184314654,True
214,16,0.670784937397,False,0.0575210175765,True,-0.0496838055286,-0.0782503267274,-0.0207293091509,True
214,17,0.260075556031,True,0.0556311600686,True,-0.0528597665804,-0.0792678188198,-0.0236366587511,True
214,18,0.0589221888004,True,0.0583177934069,True,-0.0545890732466,-0.0839984837364,-0.0256806903295,True
214,19,0.191013525919,True,0.0577720793096,True,-0.0501402660894,-0.0774209689014,-0.0196488895918,True
215,0,35.0874584531,True,0.134454202648,False,-0.00311831758827,-0.0685528704679,0.0659013321798,False
215,1,6.88932252114,True,0.103534870766,False,-0.0532648027471,-0.102960149868,0.000574720897809,False
215,2,20.9777925345,True,0.0891948763113,False,-0.0324234928487,-0.0787882112648,0.0104066650465,False
215,3,5.28121613038,True,0.0788813756529,True,-0.0455232282924,-0.0833330362033,-0.0044516605504,True
215,4,4.18662897474,True,0.0752242704517,True,-0.0461495019035,-0.0843998109599,-0.00917554050816,True
215,5,2.5237287952,False,0.0706401393397,True,-0.0480881038886,-0.0825647038409,-0.0119245645012,True
215,6,0.782878791272,False,0.0655456410022,True,-0.0496807241445,-0.0828198677917,-0.0172742267894,True
215,7,2.6936854629,False,0.0652939458991,True,-0.0438659624379,-0.0761621958188,-0.0108682499197,True
215,8,2.92678509459,False,0.0634944257582,True,-0.0421990320924,-0.0747783154633,-0.0112838897052,True
215,9,0.297010257246,True,0.0613060404024,True,-0.0528793025915,-0.082887585984,-0.0215815455816,True
215,10,1.05689305211,False,0.0613676150119,True,-0.0463423890137,-0.0755263016627,-0.0141586866508,True
215,11,2.24578488251,False,0.0593061758254,True,-0.041459657877,-0.0699228947333,-0.0106167189079,True
215,12,2.73793707881,False,0.0564939675709,True,-0.03895920194,-0.0668952381267,-0.0104012705559,True
215,13,2.02647832284,False,0.0581387408598,True,-0.041877769265,-0.0711840352363,-0.0130452943764,True
215,14,3.56038415872,True,0.0567116543637,True,-0.0382106386664,-0.0687032067125,-0.0119915523489,True
215,15,1.1241835388,False,0.0579911228249,True,-0.0437564902509,-0.0728819514543,-0.0148908286294,True
215,16,0.962538821014,False,0.0558234106686,True,-0.0431753172048,-0.071656222124,-0.0158328114555,True
215,17,1.19705698977,False,0.0564793857263,True,-0.0415967163389,-0.0691809500282,-0.0127015643019,True
215,18,0.61102517563,False,0.056140676601,True,-0.0485158314419,-0.0754618713687,-0.0193211947677,True
215,19,0.263271941262,True,0.0571629152734,True,-0.050349315138,-0.0803362524813,-0.0231733372078,True
216,0,25.9758319674,True,0.145065563953,False,-0.0247049876213,-0.0959720532176,0.0490935107355,False
216,1,31.0992612416,True,0.104664121091,False,-0.0236960986886,-0.0742803385648,0.0303837825267,False
216,2,29.7880707335,True,0.0899572524141,False,-0.024849785943,-0.070928748959,0.0190285034551,False
216,3,18.6697980199,True,0.0790798360645,True,-0.0327825527711,-0.0732303140906,0.0058495219739,False
216,4,19.6588597716,True,0.0742831712169,True,-0.029574726341,-0.0662025316219,0.00808063959508,False
216,5,40.6856135541,True,0.0704233708655,True,-0.0194709937166,-0.0552193985826,0.0152039722829,False
216,6,20.8031908212,True,0.0661329971529,True,-0.0270709525726,-0.0614804801623,0.00465251699059,False
216,7,42.5556191811,True,0.0643871494102,True,-0.0182289858204,-0.0506051504198,0.0137819989903,False
216,8,26.2305447922,True,0.0666872313944,True,-0.0240013341136,-0.0558004053972,0.0108868259972,False
216,9,7.81702562967,True,0.0608904581244,True,-0.0345516564115,-0.0650862338512,-0.00419577572674,True
216,10,3.60809494876,True,0.0598016147691,True,-0.0393165689022,-0.0700423210909,-0.0102407063218,True
216,11,2.0803609128,False,0.0598903819765,True,-0.0395358442662,-0.0700644434259,-0.0101740614495,True
216,12,3.279861105,True,0.0588340987499,True,-0.039018906497,-0.067752083092,-0.00891798434212,True
216,13,3.62071784631,True,0.0590182843909,True,-0.0377397591954,-0.0665169501761,-0.00749866578515,True
216,14,3.1877976775,True,0.0590706041285,True,-0.039248185346,-0.0678076640129,-0.00873705988445,True
216,15,2.48507327227,False,0.0575272632413,True,-0.0399744193569,-0.0699277897972,-0.0124005265558,True
216,16,1.67283272818,False,0.0568336502176,True,-0.0401691840924,-0.0674118231199,-0.0105781729023,True
216,17,2.00107880097,False,0.0549516641842,True,-0.0399647844535,-0.0680645842933,-0.0131129201091,True
216,18,4.2220086255,True,0.0582645569159,True,-0.0370516199796,-0.064842108746,-0.00657755183018,True
216,19,5.76642747429,True,0.0564561410113,True,-0.0360742165242,-0.0638828736712,-0.00742673265991,True
217,0,31.2558654842,True,0.14152634827,False,0.0160909770928,-0.0554590073805,0.0860673408894,False
217,1,27.5006408639,True,0.102869016084,False,-0.0277736472117,-0.0805491273333,0.0223198887503,False
217,2,55.6787102323,True,0.0866174295712,False,-0.00235145758965,-0.0450954729699,0.0415219566013,False
217,3,35.0201485498,True,0.0813368179526,False,-0.0231463925067,-0.0636930874595,0.0176437304932,False
217,4,41.1587115533,True,0.0746783534861,True,-0.0187383347091,-0.0545942113075,0.0200841421786,False
217,5,30.5557497628,True,0.0698600063152,True,-0.0225752420863,-0.0575672325857,0.0122927737296,False
217,6,30.6098861116,True,0.0665840443786,True,-0.0231761182529,-0.0551864389969,0.0113976053817,False
217,7,34.0573675626,True,0.0627300461839,True,-0.0212650446211,-0.052566381653,0.010163664531,False
217,8,16.2338924277,True,0.0621301452695,True,-0.0289455827268,-0.058185928717,0.00394421655256,False
217,9,12.9913959862,True,0.0625931859798,True,-0.0309233917701,-0.0617609217398,0.000832264239997,False
217,10,11.4424014853,True,0.0602836372945,True,-0.0321125756351,-0.0614186760479,-0.0011350387534,True
217,11,4.34234909075,True,0.0586196366724,True,-0.0367074143719,-0.0648617741276,-0.00624213745523,True
217,12,7.30854439164,True,0.05848282553,True,-0.0330124478213,-0.0629269952918,-0.0044441697618,True
217,13,0.981651475481,False,0.0571477479546,True,-0.0440407153973,-0.0726083422544,-0.0154605942998,True
217,14,2.36383349697,False,0.0583176041703,True,-0.0413490512633,-0.0701223843321,-0.0118047801618,True
217,15,0.737033176058,False,0.0579393249686,True,-0.0463500076589,-0.0768425395604,-0.0189032145918,True
217,16,0.156024297499,True,0.0583388290765,True,-0.0525875086221,-0.0831959261039,-0.0248570970274,True
217,17,0.291008835357,True,0.0546521557729,True,-0.0502822138812,-0.0771016104801,-0.0224494547073,True
217,18,0.444874531296,False,0.0560090877878,True,-0.0470891126979,-0.0735883471417,-0.0175792593538,True
217,19,0.0824079367054,True,0.0560807254936,True,-0.0542069077372,-0.0846228765707,-0.028542151077,True
218,0,34.0918016593,True,0.142486701405,False,-0.000296036606594,-0.06553762479,0.0769490766151,False
218,1,46.4236549823,True,0.102429147575,False,-0.00563830736821,-0.057401652479,0.0450274950958,False
218,2,38.018460552,True,0.0858347283702,False,-0.0198942289053,-0.0630689163976,0.0227658119726,False
218,3,21.2753434403,True,0.0806857037629,False,-0.0289042429609,-0.0667420307896,0.0139436729733,False
218,4,4.42199861349,True,0.0727508447925,True,-0.0440615978551,-0.0812823632502,-0.00853151845771,True
218,5,2.47775778903,False,0.0685593878604,True,-0.0465918276096,-0.0811523763394,-0.012592988479,True
218,6,4.22198504141,True,0.0693815961688,True,-0.0437861888921,-0.0787309189818,-0.00934932281306,True
218,7,0.236903884129,True,0.0638749015104,True,-0.0566481945247,-0.0883847677348,-0.0245098662244,True
218,8,0.363776311771,False,0.0632016053768,True,-0.054901868946,-0.0879635831895,-0.0247619778126,True
218,9,0.991862630729,False,0.0614287679649,True,-0.0470954582431,-0.0766109061308,-0.0151821381659,True
218,10,0.723674496699,False,0.0635428504078,True,-0.0477693835932,-0.0802458938414,-0.0167030434336,True
218,11,0.229915627976,True,0.058391484604,True,-0.0521903416831,-0.081744583751,-0.023353099147,True
218,12,0.263485824014,True,0.0582390817355,True,-0.0502217900988,-0.0809226273525,-0.022683545617,True
218,13,0.0275318519937,True,0.0578265964092,True,-0.0569572919588,-0.0847676823076,-0.0269410858985,True
218,14,0.127868616654,True,0.0577305204678,True,-0.0547592115813,-0.0838565758394,-0.0261260553716,True
218,15,6.87380554177e-07,True,0.0576236433,True,-0.0661656765415,-0.0935604007472,-0.0359367574472,True
218,16,1.81671412077e-06,True,0.0574390166473,True,-0.0667225503697,-0.0952483368852,-0.0378093202379,True
218,17,2.09383587091e-11,True,0.0560670981964,True,-0.0619562072702,-0.0888977523563,-0.0328306541599,True
218,18,5.56902267791e-05,True,0.0569239705485,True,-0.0599827120772,-0.0871934516339,-0.0302694810854,True
218,19,0.112205015011,True,0.0555632606282,True,-0.0564229755341,-0.084004263865,-0.0284410032368,True
219,0,1.24417608448,False,0.140768691182,False,-0.0897951877164,-0.156753304275,-0.0159846130934,True
219,1,7.23412797517e-09,True,0.104440427321,False,-0.132317382893,-0.184173092197,-0.079732664876,True
219,2,3.99715750534e-13,True,0.0889100463764,False,-0.111823501423,-0.15625940675,-0.0673493603736,True
219,3,1.96761716628e-05,True,0.0818743690239,False,-0.0797711209951,-0.119721400768,-0.0378470317441,True
219,4,0.275524967106,True,0.073312452032,True,-0.065634651184,-0.100292584971,-0.0269801329389,True
219,5,0.238148814085,True,0.0694969906598,True,-0.0635455340174,-0.0966586837425,-0.0271616930827,True
219,6,1.40892471791,False,0.0688592091084,True,-0.0499697692258,-0.0819805004257,-0.0131212913173,True
219,7,13.4304550432,True,0.0652923367452,True,-0.0314279680491,-0.0650014583094,0.000290878435773,False
219,8,15.3165329262,True,0.0628398867685,True,-0.0293852127484,-0.0611955406208,0.00164434614768,False
219,9,4.32632015477,True,0.0611733868287,True,-0.0398605102112,-0.0711136613495,-0.00994027452081,True
219,10,8.96180742515,True,0.061282757721,True,-0.0336380071197,-0.0637711752348,-0.00248841751373,True
219,11,3.69195249297,True,0.0596368487835,True,-0.0379096043618,-0.0666366270848,-0.00699977830136,True
219,12,9.47491570089,True,0.0597340416299,True,-0.0322274087312,-0.0628104242517,-0.00307638262177,True
219,13,6.60437355743,True,0.0573967793626,True,-0.0333569796635,-0.0639652528614,-0.00656847349879,True
219,14,0.534572205657,False,0.0578524064704,True,-0.0469274980003,-0.0756192900165,-0.0177668835461,True
219,15,0.313541525951,True,0.0588518641284,True,-0.0510629092843,-0.0813627357142,-0.0225108715857,True
219,16,0.173627558625,True,0.05656238639,True,-0.0498234305939,-0.0800164235946,-0.0234540372045,True
219,17,0.00698212900237,True,0.0567770124337,True,-0.0574184248343,-0.0857758214629,-0.0289988090291,True
219,18,0.0432660437556,True,0.0564350924156,True,-0.0603679389384,-0.0893012135524,-0.0328661211368,True
219,19,0.058799140551,True,0.0560740627649,True,-0.0641931643203,-0.0928645775039,-0.036790514739,True
220,0,10.112280201,True,0.135248228502,False,-0.0570309861296,-0.125715507873,0.00953272062954,False
220,1,3.85301233385,True,0.103714022168,False,-0.060807385654,-0.109626348692,-0.00591232652435,True
220,2,0.685964064685,False,0.0900545180514,False,-0.0675502239494,-0.114830517687,-0.0247759996351,True
220,3,0.955959616488,False,0.0805179496231,False,-0.0574516286433,-0.0994506712948,-0.0189327216717,True
220,4,1.05222641294,False,0.073757632854,True,-0.0585351065905,-0.0961429209858,-0.0223852881318,True
220,5,3.50026498017,True,0.0707530734444,True,-0.0461274756785,-0.0788754749649,-0.00812240152054,True
220,6,2.15310105064,False,0.0685901706252,True,-0.0474510537964,-0.0824734238056,-0.0138832531804,True
220,7,3.93044631177,True,0.0647832775667,True,-0.041736596423,-0.0750369212113,-0.0102536436446,True
220,8,2.86977213524,False,0.0638859887428,True,-0.0453183562739,-0.079050705151,-0.0151647164082,True
220,9,0.0766954774569,True,0.0621143825336,True,-0.0571235091579,-0.0891235879106,-0.027009205377,True
220,10,0.578638569901,False,0.0603481806029,True,-0.0516406467935,-0.0810117564976,-0.0206635758947,True
220,11,0.144176906985,True,0.059219225271,True,-0.0525399840252,-0.0835494115814,-0.0243301863104,True
220,12,0.17262452908,True,0.0572158803781,True,-0.0566650097498,-0.0840553494889,-0.0268394691108,True
220,13,0.113865199489,True,0.056671533806,True,-0.0554134726789,-0.0821057084543,-0.0254341746483,True
220,14,0.198494424338,True,0.0592064464985,True,-0.0582293705985,-0.0881098176158,-0.0289033711173,True
220,15,3.34632678464e-05,True,0.0580596972716,True,-0.0582022657012,-0.0878244727436,-0.029764775472,True
220,16,0.0236844006065,True,0.0564056647031,True,-0.0552712076336,-0.0828693654537,-0.0264637007506,True
220,17,0.0359526803409,True,0.0570724273941,True,-0.0578793804084,-0.0870372519051,-0.029964824511,True
220,18,2.99169281938e-06,True,0.0554132030337,True,-0.0594178133976,-0.0866976521184,-0.0312844490848,True
220,19,0.164351373159,True,0.0557024900159,True,-0.0572781095682,-0.0865774961613,-0.0308750061454,True
221,0,14.0159891755,True,0.142789452315,False,-0.0493134455781,-0.120727521187,0.0220619311279,False
221,1,37.7058996688,True,0.105237678487,False,-0.0173928018868,-0.0752934737098,0.0299442047767,False
221,2,43.5769613533,True,0.086594227603,False,-0.0141067609729,-0.0563419352555,0.0302522923475,False
221,3,42.2201199451,True,0.0785463622112,True,-0.0173071449876,-0.0593717411531,0.019174621058,False
221,4,20.7395137255,True,0.0747168036251,True,-0.0295045747207,-0.0662371999384,0.00847960368675,False
221,5,4.21839943781,True,0.0712937244936,True,-0.0441530778336,-0.0808685725033,-0.00957484800968,True
221,6,2.55796321561,False,0.0649515250761,True,-0.0451773111795,-0.0793046219384,-0.0143530968623,True
221,7,3.37446461824,True,0.0641978254694,True,-0.0426176980585,-0.075016801337,-0.0108189758677,True
221,8,4.02047257539,True,0.0643279411727,True,-0.0402124922843,-0.0716529421674,-0.00732500099469,True
221,9,2.28590656829,False,0.0610923272368,True,-0.0429361492641,-0.0726753035362,-0.0115829762994,True
221,10,2.05075081004,False,0.0625047065792,True,-0.045534534532,-0.0785550731394,-0.0160503665602,True
221,11,2.420120276,False,0.0583574421502,True,-0.0404788473107,-0.0682618674509,-0.00990442530066,True
221,12,11.8365115241,True,0.0610803439208,True,-0.031434836894,-0.0615342268803,-0.000453882959457,True
221,13,3.72370197996,True,0.0568628690997,True,-0.0359150009309,-0.0649421262368,-0.00807925713709,True
221,14,4.40471504662,True,0.0586096084168,True,-0.0377356443156,-0.0672297776634,-0.00862016924666,True
221,15,6.67263930035,True,0.0569010633791,True,-0.033560569093,-0.0615715525341,-0.00467048915506,True
221,16,4.60310970534,True,0.0566657749789,True,-0.0365724252799,-0.0645060278145,-0.00784025283566,True
221,17,3.92143205769,True,0.0560393079164,True,-0.0357227799265,-0.0643850797051,-0.00834577178875,True
221,18,3.2394975163,True,0.0551952055445,True,-0.0367249093415,-0.0630317727986,-0.00783656725404,True
221,19,0.515955021204,False,0.0555626771943,True,-0.0446842211152,-0.0725408487277,-0.0169781715334,True
222,0,0.944727037275,False,0.148344658253,False,-0.105422642662,-0.180829672884,-0.0324850146304,True
222,1,0.332037719189,True,0.106021744015,False,-0.0896439478599,-0.141553292484,-0.0355315484691,True
222,2,0.600168325788,False,0.0915201720574,False,-0.0690530509986,-0.114130167154,-0.0226099950965,True
222,3,0.385469305458,False,0.0781379370766,True,-0.0616453780763,-0.0985621582989,-0.0204242212223,True
222,4,8.01913403938e-07,True,0.0735118502,True,-0.0859292617359,-0.121959937455,-0.0484480872548,True
222,5,0.000106352036284,True,0.0709617936617,True,-0.0798215804607,-0.116728560793,-0.045766767131,True
222,6,0.00202433893849,True,0.0667725054765,True,-0.0723633223058,-0.104325242464,-0.0375527369875,True
222,7,8.03662627666e-07,True,0.0659807895605,True,-0.0759696082258,-0.107665227696,-0.0416844381353,True
222,8,1.77476158137e-09,True,0.064030952633,True,-0.0821129326501,-0.115958009506,-0.0519270568733,True
222,9,2.36892609798e-17,True,0.0600202094751,True,-0.0778255148717,-0.106777705563,-0.0467574960876,True
222,10,4.08345466283e-21,True,0.0604003738081,True,-0.081742717525,-0.111872885348,-0.0514725115396,True
222,11,8.67101072115e-06,True,0.0596620960934,True,-0.0772281724286,-0.107322528885,-0.0476604327916,True
222,12,4.05622013954e-14,True,0.0590069103024,True,-0.0721846997345,-0.101137737302,-0.0421308270001,True
222,13,6.75726316986e-16,True,0.0584800704027,True,-0.07863073411,-0.107060144309,-0.0485800739058,True
222,14,2.80734809933e-39,True,0.0555731302215,True,-0.0868784998582,-0.114073866942,-0.0585007367209,True
222,15,2.33832409429e-34,True,0.056094871337,True,-0.0836376699185,-0.11254439234,-0.0564495210027,True
222,16,1.20846786066e-32,True,0.0565661348823,True,-0.0825602889708,-0.110666736258,-0.0541006013753,True
222,17,1.74255629726e-22,True,0.0556283222162,True,-0.076298523683,-0.101433350725,-0.0458050285083,True
222,18,0.00127442650611,True,0.0568883117686,True,-0.0744453351144,-0.102082576414,-0.0451942646452,True
222,19,0.00962079023993,True,0.0562475382674,True,-0.0649953722869,-0.0924215703114,-0.0361740320441,True
223,0,31.3835779886,True,0.13556771123,False,-0.0143031313501,-0.085392192893,0.0501755183369,False
223,1,36.0188298929,True,0.107283234302,False,-0.0193005972603,-0.0725907454778,0.0346924888247,False
223,2,19.8194196519,True,0.0909775498764,False,-0.0319355958727,-0.0789970552818,0.0119804945946,False
223,3,30.8139120045,True,0.0822091963451,False,-0.0237260312944,-0.06407715042,0.0181320459252,False
223,4,22.1379008483,True,0.0719973339099,True,-0.028002648114,-0.0645411119975,0.00745622191246,False
223,5,17.045683745,True,0.069129296979,True,-0.0295655630705,-0.0624122445957,0.00671705238332,False
223,6,4.68831882093,True,0.0664612136243,True,-0.0402072946707,-0.0717232517959,-0.00526203817155,True
223,7,3.69502442253,True,0.0660526429048,True,-0.0427874436576,-0.0749827885971,-0.00893014569231,True
223,8,2.30038996337,False,0.0630384177858,True,-0.0437225927268,-0.0753041541536,-0.0122657363678,True
223,9,2.85808716803,False,0.0631113383422,True,-0.0428365055211,-0.072881319146,-0.00976998080375,True
223,10,3.99432108808,True,0.060570546134,True,-0.039019001894,-0.0703960401486,-0.00982549401452,True
223,11,1.00757339496,False,0.0596766056764,True,-0.0445058615243,-0.0744654902655,-0.0147888845891,True
223,12,1.57584164696,False,0.0589748476662,True,-0.0450872231637,-0.0738559651226,-0.0148811174564,True
223,13,2.58675409941,False,0.0598108505979,True,-0.0429155401692,-0.0735934355083,-0.0137825849104,True
223,14,0.863822558463,False,0.0592871422919,True,-0.0456395395515,-0.0749208555027,-0.0156337132108,True
223,15,0.828317801187,False,0.0587259688994,True,-0.046155047884,-0.074862656821,-0.0161366879216,True
223,16,0.185029753363,True,0.0566456879055,True,-0.0462698791354,-0.0759918980964,-0.0193462101909,True
223,17,0.350135050286,False,0.0586748742821,True,-0.0538825177494,-0.0831698834141,-0.024495009132,True
223,18,0.117355889351,True,0.0559080878643,True,-0.053105751833,-0.0811623715905,-0.0252542837263,True
223,19,0.00223643515479,True,0.057105699631,True,-0.059386565411,-0.0881398452907,-0.0310341456596,True
224,0,21.0513645305,True,0.140813418472,False,-0.0377132528638,-0.107222907091,0.0335905113812,False
224,1,23.4417568542,True,0.10310878332,False,-0.0324440496585,-0.085326615862,0.0177821674581,False
224,2,4.07268618464,True,0.087513118175,False,-0.0519492301137,-0.0968012588247,-0.0092881406497,True
224,3,6.88876294467,True,0.0755036113196,True,-0.0427737516223,-0.0796538855878,-0.00415027426818,True
224,4,9.15255068578,True,0.074744434001,True,-0.0389029852582,-0.075076099133,-0.000331665132,True
224,5,10.9521482076,True,0.0667409080073,True,-0.034942607891,-0.0663170668059,0.000423841201409,False
224,6,2.06507810597,False,0.0677316798774,True,-0.0467546651362,-0.0831163584969,-0.0153846786195,True
224,7,0.523221404784,False,0.0633102011496,True,-0.0505097165255,-0.0837529901673,-0.0204427890177,True
224,8,0.987994493488,False,0.0629089953085,True,-0.0478689578728,-0.0779207294977,-0.0150117341892,True
224,9,0.339477730384,False,0.061296526585,True,-0.0492131772267,-0.0808926627728,-0.0195961361878,True
224,10,0.112779070372,True,0.0588326697654,True,-0.0562283175419,-0.0849961194851,-0.0261634497197,True
224,11,0.0430293097124,True,0.0578491974977,True,-0.0580427876334,-0.0862624862359,-0.0284132887382,True
224,12,0.118413665097,True,0.0580905755648,True,-0.0548568151684,-0.0833838710587,-0.0252932954939,True
224,13,0.907047471127,False,0.0582817102858,True,-0.0455795609152,-0.0750094416454,-0.0167277313596,True
224,14,0.279856420768,True,0.0575670996707,True,-0.0484995252957,-0.0784384907051,-0.0208713910344,True
224,15,0.550179405188,False,0.0547214511895,True,-0.0437059106471,-0.0725415747844,-0.0178201235949,True
224,16,0.197274827896,True,0.0549498726388,True,-0.0473134470319,-0.0760019689515,-0.0210520963128,True
224,17,0.0597530061088,True,0.0555523834488,True,-0.0575115756911,-0.0862321637187,-0.0306797802699,True
224,18,1.95661250777e-17,True,0.0563414731935,True,-0.067812264723,-0.0938596340516,-0.0375181608581,True
224,19,5.90845781946e-26,True,0.0549386100078,True,-0.0733390154595,-0.100785857864,-0.0458472478559,True
225,0,30.7542564247,True,0.141296190937,False,-0.0168437858809,-0.0924072851555,0.0488889057816,False
225,1,45.5252275853,True,0.104512713919,False,0.00405082467152,-0.0467061311983,0.0578065827208,False
225,2,44.2356607926,True,0.0890172646255,False,0.0143176308493,-0.0302465862625,0.058770678363,False
225,3,56.9368168953,True,0.0800695624261,False,-0.00685635730958,-0.046476490982,0.0335930714441,False
225,4,44.2163533439,True,0.0754451348113,True,-0.0166561671707,-0.052668212159,0.0227769226523,False
225,5,31.6879042391,True,0.0698056017767,True,-0.0216523367332,-0.0556775930423,0.0141280087344,False
225,6,23.8763326156,True,0.0667784069547,True,-0.0266196940075,-0.0593255435386,0.00745286341602,False
225,7,14.8391003915,True,0.0641947918668,True,-0.0310149200093,-0.0640964872559,9.83046108885e-05,False
225,8,6.42224838106,True,0.0640115679431,True,-0.037420921374,-0.07096917112,-0.00695760317697,True
225,9,0.0613840999657,True,0.0617137428759,True,-0.0550095700798,-0.0856887644907,-0.0239750216148,True
225,10,1.34304812864,False,0.059231545972,True,-0.0437592019757,-0.0731337957385,-0.0139022497665,True
225,11,2.69607372664,False,0.0594391870421,True,-0.0408034241271,-0.0709935945599,-0.0115544075178,True
225,12,1.61636990598,False,0.0588102567127,True,-0.0429657402163,-0.0720528182856,-0.0132425615729,True
225,13,0.175599318553,True,0.0574756324134,True,-0.0506133137822,-0.0805545208975,-0.0230788884841,True
225,14,0.152406628072,True,0.0576102556927,True,-0.0557661823538,-0.0829177382679,-0.0253074825753,True
225,15,6.61830192801e-05,True,0.0591358511205,True,-0.0613930185246,-0.0907831780732,-0.0316473269527,True
225,16,0.000117774979375,True,0.0578926189465,True,-0.0629175434744,-0.0932633593905,-0.035370740444,True
225,17,2.72022835944e-08,True,0.0571857494224,True,-0.0624832611581,-0.090733706947,-0.0335479575246,True
225,18,0.00288617243995,True,0.0586113351974,True,-0.0611657662529,-0.0882664230424,-0.029655087845,True
225,19,2.57504471918e-14,True,0.055343952968,True,-0.0718313695074,-0.0997779655785,-0.0444340126105,True
226,0,9.9828936624,True,0.145268172952,False,-0.0549205882457,-0.127094787906,0.0181733850455,False
226,1,15.141713736,True,0.100573399335,False,-0.0397266720507,-0.0891627234478,0.0114106758869,False
226,2,9.23912383359,True,0.0861552662083,False,-0.0429314385376,-0.0856330792089,0.00052218699942,False
226,3,4.36179763061,True,0.0822105592739,False,-0.0488070761039,-0.0880005515121,-0.00578999223819,True
226,4,3.75957186802,True,0.0772799520879,True,-0.0495116119134,-0.0863866840478,-0.00910673195995,True
226,5,0.00671534092185,True,0.0700594407402,True,-0.0660796695791,-0.100358680926,-0.030299240186,True
226,6,0.358004389396,False,0.070100892702,True,-0.0606572769714,-0.0946541147543,-0.0245532220523,True
226,7,0.300141755909,True,0.0643914544351,True,-0.057725104677,-0.0902711037874,-0.0258796493523,True
226,8,0.505976442531,False,0.0634271039369,True,-0.052284428734,-0.085441933988,-0.0220148300512,True
226,9,0.0624905555317,True,0.0616018490647,True,-0.0603174133662,-0.0905808849675,-0.0289790359028,True
226,10,1.1638433525e-05,True,0.060262575145,True,-0.0669653149649,-0.0946723580179,-0.0344097828729,True
226,11,4.55820832347e-06,True,0.0622421045673,True,-0.0722393955019,-0.102238675273,-0.0399965707062,True
226,12,1.12299025348e-11,True,0.0557214473046,True,-0.0717771862023,-0.100285562269,-0.0445641149642,True
226,13,1.87634522021e-24,True,0.0591826882918,True,-0.0798899268967,-0.110015291255,-0.0508326029632,True
226,14,5.29018327517e-32,True,0.0599333028832,True,-0.0864113202966,-0.115832449157,-0.0558991462742,True
226,15,7.70305602704e-34,True,0.059149886767,True,-0.0840848425972,-0.112054940637,-0.0529050538698,True
226,16,4.69467851156e-30,True,0.0559613849698,True,-0.089134731035,-0.118160898689,-0.0621995137189,True
226,17,2.57391297792e-52,True,0.0579658125841,True,-0.0895887607339,-0.118284929484,-0.0603191168995,True
226,18,6.31314819955e-49,True,0.0550591371736,True,-0.0887543078636,-0.117102950621,-0.0620438134479,True
226,19,1.62524392028e-48,True,0.0550838802409,True,-0.0925069197179,-0.121333455662,-0.0662495754215,True
227,0,0.804879568909,False,0.144520067738,False,-0.102732842434,-0.175833583599,-0.0313135158606,True
227,1,1.37520052586,False,0.103834378531,False,-0.0710923858617,-0.122726705203,-0.0188923266719,True
227,2,10.7187212352,True,0.0878548708474,False,-0.042369320401,-0.086811896282,0.0010429745654,False
227,3,16.8084590788,True,0.0800081952372,False,-0.032876880762,-0.0724898288867,0.00751836635042,False
227,4,17.3494249637,True,0.0740126554422,True,-0.0305476848509,-0.067656670789,0.00635598465323,False
227,5,40.5588037109,True,0.0702616878135,True,-0.0180633600793,-0.0531944307091,0.0170672571044,False
227,6,24.0088500088,True,0.0654224020723,True,-0.0246175448303,-0.0573303620873,0.00809203998502,False
227,7,44.3902659377,True,0.0632641424714,True,-0.0172833405651,-0.0498295069792,0.0134346354922,False
227,8,27.5891892456,True,0.0628735118654,True,-0.0230634526016,-0.0549737410369,0.00789977082852,False
227,9,35.6125990167,True,0.0618509515902,True,-0.0196262653217,-0.0497539063069,0.0120970452833,False
227,10,28.9841710439,True,0.0595473138025,True,-0.0221812586435,-0.0521359869645,0.00741132683796,False
227,11,18.9581385227,True,0.0608559035588,True,-0.0265728418732,-0.0568735363712,0.00398236718758,False
227,12,13.8673542922,True,0.0607661600374,True,-0.0296133402954,-0.0600670691289,0.000699090908407,False
227,13,14.412056991,True,0.0581517620711,True,-0.0291275459372,-0.0589018183738,-0.000750056302637,True
227,14,30.2084498353,True,0.0571482998397,True,-0.021724040351,-0.0513320577757,0.00581624206403,False
227,15,29.0370232671,True,0.0563586390647,True,-0.0213647448747,-0.0500883426396,0.00627029642513,False
227,16,23.6608258627,True,0.0576943283457,True,-0.0237020500707,-0.0531189128596,0.00457541548613,False
227,17,22.1428569898,True,0.0553695174802,True,-0.0245845913076,-0.0520705874954,0.00329892998486,False
227,18,19.7261336773,True,0.0574940393828,True,-0.0249657530084,-0.05274393578,0.00475010360282,False
227,19,13.1564913948,True,0.0557909018401,True,-0.0284265789912,-0.0561649107251,-0.000374008884978,True
228,0,29.7927692092,True,0.141273000631,False,-0.0214427378083,-0.0921947052572,0.0490782953743,False
228,1,22.9868503313,True,0.101140728316,False,-0.0327259843523,-0.0841182949326,0.0170224333833,False
228,2,6.39137819376,True,0.0896217526573,False,-0.0488889089279,-0.0932484362767,-0.0036266836194,True
228,3,3.37121259048,True,0.0774635100555,True,-0.0487375777862,-0.087494881667,-0.0100313716114,True
228,4,2.47675797593,False,0.0733369470224,True,-0.0501475498897,-0.0857792760344,-0.0124423290119,True
228,5,1.44622059368,False,0.0704420630544,True,-0.0525069891569,-0.0874571684853,-0.017015105431,True
228,6,0.512212165276,False,0.0671457272273,True,-0.0568404882302,-0.0904620640653,-0.023316336838,True
228,7,1.81097605013,False,0.0656129601377,True,-0.0454552269545,-0.080406210227,-0.0147932500893,True
228,8,1.40020751647,False,0.0643047217171,True,-0.0478087941062,-0.0784775722309,-0.0141728505138,True
228,9,0.134536154155,True,0.0611695915681,True,-0.0551105582953,-0.0854824846878,-0.0243128931197,True
228,10,1.97457992388e-06,True,0.0606910334939,True,-0.0637470857306,-0.0932622877731,-0.0325712542792,True
228,11,0.00012170059957,True,0.0602121565485,True,-0.0636867078879,-0.0942117107053,-0.0339995541567,True
228,12,0.0126493944203,True,0.0569238616467,True,-0.0649705821208,-0.0933882267045,-0.0364643650578,True
228,13,1.60490575339e-07,True,0.058861838286,True,-0.0630481673316,-0.0910898776703,-0.0322280393843,True
228,14,8.20059060173e-09,True,0.0567010432951,True,-0.0624899087812,-0.0925777640283,-0.0358767207332,True
228,15,0.00400833118359,True,0.0588065569336,True,-0.066667670828,-0.0969901722558,-0.0381836153222,True
228,16,1.11763446386e-20,True,0.0559201422663,True,-0.0696794728971,-0.0970279839789,-0.0411078417126,True
228,17,7.4806408813e-10,True,0.0565869840272,True,-0.0677286067319,-0.0958686224995,-0.0392816384723,True
228,18,9.05434633914e-08,True,0.0556893207834,True,-0.0663636353617,-0.0937533667644,-0.038064045981,True
228,19,3.36434989281e-14,True,0.0564748635571,True,-0.066048001664,-0.0939716343094,-0.0374967707523,True
